age,d18o
-0.05,-35.19
0,-35.19
0,-34.83
0.05,-34.83
0.05,-35.05
0.1,-35.05
0.1,-35.45
0.15,-35.45
0.15,-35.42
0.2,-35.42
0.2,-35.63
0.25,-35.63
0.25,-35.8
0.3,-35.8
0.3,-35.62
0.35,-35.62
0.35,-35.48
0.4,-35.48
0.4,-35.36
0.45,-35.36
0.45,-35.41
0.5,-35.41
0.5,-35.1
0.55,-35.1
0.55,-35.27
0.6,-35.27
0.6,-35.67
0.65,-35.67
0.65,-35.33
0.7,-35.33
0.7,-35.38
0.75,-35.38
0.75,-35.63
0.8,-35.63
0.8,-35.49
0.85,-35.49
0.85,-35.3
0.9,-35.3
0.9,-35.66
0.95,-35.66
0.95,-35.01
1,-35.01
1,-35.09
1.05,-35.09
1.05,-35.58
1.1,-35.58
1.1,-35.51
1.15,-35.51
1.15,-35.34
1.2,-35.34
1.2,-35.27
1.25,-35.27
1.25,-35.26
1.3,-35.26
1.3,-35.09
1.35,-35.09
1.35,-35.2
1.4,-35.2
1.4,-35.09
1.45,-35.09
1.45,-35.68
1.5,-35.68
1.5,-35.42
1.55,-35.42
1.55,-34.84
1.6,-34.84
1.6,-35.68
1.65,-35.68
1.65,-35.22
1.7,-35.22
1.7,-35.72
1.75,-35.72
1.75,-35.43
1.8,-35.43
1.8,-35.19
1.85,-35.19
1.85,-34.66
1.9,-34.66
1.9,-35.03
1.95,-35.03
1.95,-35
2,-35
2,-35.12
2.05,-35.12
2.05,-35.19
2.1,-35.19
2.1,-35.6
2.15,-35.6
2.15,-35.33
2.2,-35.33
2.2,-34.77
2.25,-34.77
2.25,-34.99
2.3,-34.99
2.3,-35.1
2.35,-35.1
2.35,-34.93
2.4,-34.93
2.4,-35.65
2.45,-35.65
2.45,-35.25
2.5,-35.25
2.5,-35.11
2.55,-35.11
2.55,-35.29
2.6,-35.29
2.6,-35.32
2.65,-35.32
2.65,-35.19
2.7,-35.19
2.7,-34.86
2.75,-34.86
2.75,-34.96
2.8,-34.96
2.8,-35.14
2.85,-35.14
2.85,-35.03
2.9,-35.03
2.9,-34.64
2.95,-34.64
2.95,-34.98
3,-34.98
3,-35.19
3.05,-35.19
3.05,-34.91
3.1,-34.91
3.1,-35.02
3.15,-35.02
3.15,-35.17
3.2,-35.17
3.2,-35.08
3.25,-35.08
3.25,-35.15
3.3,-35.15
3.3,-34.91
3.35,-34.91
3.35,-34.81
3.4,-34.81
3.4,-35.07
3.45,-35.07
3.45,-35
3.5,-35
3.5,-34.96
3.55,-34.96
3.55,-35.13
3.6,-35.13
3.6,-34.49
3.65,-34.49
3.65,-34.63
3.7,-34.63
3.7,-35.06
3.75,-35.06
3.75,-35.05
3.8,-35.05
3.8,-35.21
3.85,-35.21
3.85,-35.11
3.9,-35.11
3.9,-35.07
3.95,-35.07
3.95,-34.73
4,-34.73
4,-35.02
4.05,-35.02
4.05,-35.25
4.1,-35.25
4.1,-34.96
4.15,-34.96
4.15,-34.65
4.2,-34.65
4.2,-35.19
4.25,-35.19
4.25,-34.65
4.3,-34.65
4.3,-35.1
4.35,-35.1
4.35,-34.99
4.4,-34.99
4.4,-34.65
4.45,-34.65
4.45,-35
4.5,-35
4.5,-34.45
4.55,-34.45
4.55,-34.87
4.6,-34.87
4.6,-35.05
4.65,-35.05
4.65,-34.78
4.7,-34.78
4.7,-34.6
4.75,-34.6
4.75,-34.85
4.8,-34.85
4.8,-34.74
4.85,-34.74
4.85,-34.4
4.9,-34.4
4.9,-34.72
4.95,-34.72
4.95,-34.76
5,-34.76
5,-34.65
5.05,-34.65
5.05,-34.98
5.1,-34.98
5.1,-34.41
5.15,-34.41
5.15,-34.68
5.2,-34.68
5.2,-35.09
5.25,-35.09
5.25,-34.97
5.3,-34.97
5.3,-35.02
5.35,-35.02
5.35,-34.64
5.4,-34.64
5.4,-34.56
5.45,-34.56
5.45,-34.51
5.5,-34.51
5.5,-34.82
5.55,-34.82
5.55,-34.63
5.6,-34.63
5.6,-35.09
5.65,-35.09
5.65,-34.75
5.7,-34.75
5.7,-34.62
5.75,-34.62
5.75,-34.82
5.8,-34.82
5.8,-34.22
5.85,-34.22
5.85,-34.73
5.9,-34.73
5.9,-34.96
5.95,-34.96
5.95,-34.93
6,-34.93
6,-34.83
6.05,-34.83
6.05,-34.4
6.1,-34.4
6.1,-34.81
6.15,-34.81
6.15,-34.77
6.2,-34.77
6.2,-34.8
6.25,-34.8
6.25,-34.78
6.3,-34.78
6.3,-34.65
6.35,-34.65
6.35,-34.35
6.4,-34.35
6.4,-34.55
6.45,-34.55
6.45,-35.08
6.5,-35.08
6.5,-34.47
6.55,-34.47
6.55,-34.61
6.6,-34.61
6.6,-34.54
6.65,-34.54
6.65,-34.51
6.7,-34.51
6.7,-34.72
6.75,-34.72
6.75,-34.66
6.8,-34.66
6.8,-34.54
6.85,-34.54
6.85,-34.77
6.9,-34.77
6.9,-34.6
6.95,-34.6
6.95,-34.79
7,-34.79
7,-34.7
7.05,-34.7
7.05,-34.81
7.1,-34.81
7.1,-34.82
7.15,-34.82
7.15,-34.61
7.2,-34.61
7.2,-34.91
7.25,-34.91
7.25,-34.69
7.3,-34.69
7.3,-34.43
7.35,-34.43
7.35,-34.41
7.4,-34.41
7.4,-34.52
7.45,-34.52
7.45,-34.69
7.5,-34.69
7.5,-34.23
7.55,-34.23
7.55,-34.33
7.6,-34.33
7.6,-34.39
7.65,-34.39
7.65,-34.42
7.7,-34.42
7.7,-34.06
7.75,-34.06
7.75,-34.25
7.8,-34.25
7.8,-34.89
7.85,-34.89
7.85,-34.54
7.9,-34.54
7.9,-34.13
7.95,-34.13
7.95,-34.63
8,-34.63
8,-34.65
8.05,-34.65
8.05,-35.51
8.1,-35.51
8.1,-35.98
8.15,-35.98
8.15,-35.39
8.2,-35.39
8.2,-34.6
8.25,-34.6
8.25,-34.69
8.3,-34.69
8.3,-35.13
8.35,-35.13
8.35,-34.77
8.4,-34.77
8.4,-34.6
8.45,-34.6
8.45,-34.71
8.5,-34.71
8.5,-34.46
8.55,-34.46
8.55,-35.12
8.6,-35.12
8.6,-34.75
8.65,-34.75
8.65,-34.82
8.7,-34.82
8.7,-35.05
8.75,-35.05
8.75,-34.67
8.8,-34.67
8.8,-34.3
8.85,-34.3
8.85,-34.71
8.9,-34.71
8.9,-34.66
8.95,-34.66
8.95,-35.22
9,-35.22
9,-34.78
9.05,-34.78
9.05,-34.49
9.1,-34.49
9.1,-34.81
9.15,-34.81
9.15,-35.48
9.2,-35.48
9.2,-35.41
9.25,-35.41
9.25,-34.78
9.3,-34.78
9.3,-34.87
9.35,-34.87
9.35,-35.12
9.4,-35.12
9.4,-34.83
9.45,-34.83
9.45,-34.91
9.5,-34.91
9.5,-34.86
9.55,-34.86
9.55,-34.86
9.6,-34.86
9.6,-34.7
9.65,-34.7
9.65,-34.64
9.7,-34.64
9.7,-35.15
9.75,-35.15
9.75,-34.99
9.8,-34.99
9.8,-35.13
9.85,-35.13
9.85,-34.93
9.9,-34.93
9.9,-35.29
9.95,-35.29
9.95,-35.25
10,-35.25
10,-35.24
10.05,-35.24
10.05,-35.38
10.1,-35.38
10.1,-36.27
10.15,-36.27
10.15,-35.73
10.2,-35.73
10.2,-36.18
10.25,-36.18
10.25,-36.22
10.3,-36.22
10.3,-36.09
10.35,-36.09
10.35,-35.7
10.4,-35.7
10.4,-35.9
10.45,-35.9
10.45,-36.3
10.5,-36.3
10.5,-35.62
10.55,-35.62
10.55,-36.17
10.6,-36.17
10.6,-36.31
10.65,-36.31
10.65,-36.54
10.7,-36.54
10.7,-37.36
10.75,-37.36
10.75,-37.23
10.8,-37.23
10.8,-36.99
10.85,-36.99
10.85,-36.7
10.9,-36.7
10.9,-36.78
10.95,-36.78
10.95,-36.73
11,-36.73
11,-37.48
11.05,-37.48
11.05,-36.51
11.1,-36.51
11.1,-36.96
11.15,-36.96
11.15,-37.44
11.2,-37.44
11.2,-37.98
11.25,-37.98
11.25,-38.03
11.3,-38.03
11.3,-37.13
11.35,-37.13
11.35,-36.77
11.4,-36.77
11.4,-36.7
11.45,-36.7
11.45,-38.99
11.5,-38.99
11.5,-40.22
11.55,-40.22
11.55,-40.22
11.6,-40.22
11.6,-39.71
11.65,-39.71
11.65,-40.84
11.7,-40.84
11.7,-41.04
11.75,-41.04
11.75,-40.41
11.8,-40.41
11.8,-39.95
11.85,-39.95
11.85,-41.22
11.9,-41.22
11.9,-41.38
11.95,-41.38
11.95,-40.63
12,-40.63
12,-40.39
12.05,-40.39
12.05,-40.76
12.1,-40.76
12.1,-41.37
12.15,-41.37
12.15,-40.97
12.2,-40.97
12.2,-41.06
12.25,-41.06
12.25,-40.54
12.3,-40.54
12.3,-40.82
12.35,-40.82
12.35,-41.67
12.4,-41.67
12.4,-41.11
12.45,-41.11
12.45,-42.21
12.5,-42.21
12.5,-40.86
12.55,-40.86
12.55,-40.18
12.6,-40.18
12.6,-39.53
12.65,-39.53
12.65,-39.03
12.7,-39.03
12.7,-38.76
12.75,-38.76
12.75,-39.38
12.8,-39.38
12.8,-39.88
12.85,-39.88
12.85,-40.07
12.9,-40.07
12.9,-41.07
12.95,-41.07
12.95,-40.05
13,-40.05
13,-40.2
13.05,-40.2
13.05,-39.07
13.1,-39.07
13.1,-39.19
13.15,-39.19
13.15,-38.57
13.2,-38.57
13.2,-38.44
13.25,-38.44
13.25,-38.61
13.3,-38.61
13.3,-38.01
13.35,-38.01
13.35,-38.52
13.4,-38.52
13.4,-39.25
13.45,-39.25
13.45,-39.77
13.5,-39.77
13.5,-38.74
13.55,-38.74
13.55,-38.25
13.6,-38.25
13.6,-39.08
13.65,-39.08
13.65,-38.38
13.7,-38.38
13.7,-38.08
13.75,-38.08
13.75,-38.39
13.8,-38.39
13.8,-39.46
13.85,-39.46
13.85,-40.11
13.9,-40.11
13.9,-39.71
13.95,-39.71
13.95,-38.25
14,-38.25
14,-38.14
14.05,-38.14
14.05,-37.89
14.1,-37.89
14.1,-37.59
14.15,-37.59
14.15,-37.21
14.2,-37.21
14.2,-37.17
14.25,-37.17
14.25,-36.95
14.3,-36.95
14.3,-37.29
14.35,-37.29
14.35,-36.26
14.4,-36.26
14.4,-36.25
14.45,-36.25
14.45,-36.4
14.5,-36.4
14.5,-37.47
14.55,-37.47
14.55,-40.06
14.6,-40.06
14.6,-41.75
14.65,-41.75
14.65,-40.58
14.7,-40.58
14.7,-41.6
14.75,-41.6
14.75,-41.13
14.8,-41.13
14.8,-41.56
14.85,-41.56
14.85,-42.31
14.9,-42.31
14.9,-42.03
14.95,-42.03
14.95,-42.06
15,-42.06
15,-42.01
15.05,-42.01
15.05,-42.23
15.1,-42.23
15.1,-42.55
15.15,-42.55
15.15,-40.78
15.2,-40.78
15.2,-42.38
15.25,-42.38
15.25,-42
15.3,-42
15.3,-42.55
15.35,-42.55
15.35,-43.48
15.4,-43.48
15.4,-42.76
15.45,-42.76
15.45,-41.94
15.5,-41.94
15.5,-43.63
15.55,-43.63
15.55,-43.29
15.6,-43.29
15.6,-41.41
15.65,-41.41
15.65,-41.92
15.7,-41.92
15.7,-41.69
15.75,-41.69
15.75,-41.88
15.8,-41.88
15.8,-41.53
15.85,-41.53
15.85,-43.56
15.9,-43.56
15.9,-42.18
15.95,-42.18
15.95,-42.41
16,-42.41
16,-41.45
16.05,-41.45
16.05,-42.01
16.1,-42.01
16.1,-41.61
16.15,-41.61
16.15,-41.68
16.2,-41.68
16.2,-40.8
16.25,-40.8
16.25,-41
16.3,-41
16.3,-41.82
16.35,-41.82
16.35,-41.36
16.4,-41.36
16.4,-41.17
16.45,-41.17
16.45,-40.44
16.5,-40.44
16.5,-40.31
16.55,-40.31
16.55,-41.9
16.6,-41.9
16.6,-41.28
16.65,-41.28
16.65,-40.42
16.7,-40.42
16.7,-40.42
16.75,-40.42
16.75,-40.45
16.8,-40.45
16.8,-40.99
16.85,-40.99
16.85,-40.76
16.9,-40.76
16.9,-41.02
16.95,-41.02
16.95,-42.02
17,-42.02
17,-41.14
17.05,-41.14
17.05,-40.27
17.1,-40.27
17.1,-40.18
17.15,-40.18
17.15,-41.44
17.2,-41.44
17.2,-40.66
17.25,-40.66
17.25,-41.15
17.3,-41.15
17.3,-41.88
17.35,-41.88
17.35,-42.16
17.4,-42.16
17.4,-42.6
17.45,-42.6
17.45,-41.8
17.5,-41.8
17.5,-42.53
17.55,-42.53
17.55,-41.83
17.6,-41.83
17.6,-41.35
17.65,-41.35
17.65,-42.07
17.7,-42.07
17.7,-42.47
17.75,-42.47
17.75,-42.63
17.8,-42.63
17.8,-42.35
17.85,-42.35
17.85,-42.25
17.9,-42.25
17.9,-41.69
17.95,-41.69
17.95,-40.73
18,-40.73
18,-41.66
18.05,-41.66
18.05,-40.93
18.1,-40.93
18.1,-41.45
18.15,-41.45
18.15,-42.09
18.2,-42.09
18.2,-41.28
18.25,-41.28
18.25,-41.04
18.3,-41.04
18.3,-41.89
18.35,-41.89
18.35,-41.32
18.4,-41.32
18.4,-42.19
18.45,-42.19
18.45,-41.71
18.5,-41.71
18.5,-42.34
18.55,-42.34
18.55,-42.48
18.6,-42.48
18.6,-42.31
18.65,-42.31
18.65,-41.37
18.7,-41.37
18.7,-42.18
18.75,-42.18
18.75,-42.82
18.8,-42.82
18.8,-41.26
18.85,-41.26
18.85,-41.97
18.9,-41.97
18.9,-41.52
18.95,-41.52
18.95,-41.13
19,-41.13
19,-41.05
19.05,-41.05
19.05,-41.36
19.1,-41.36
19.1,-42.82
19.15,-42.82
19.15,-40.88
19.2,-40.88
19.2,-40.98
19.25,-40.98
19.25,-42.6
19.3,-42.6
19.3,-41.77
19.35,-41.77
19.35,-42.57
19.4,-42.57
19.4,-42.18
19.45,-42.18
19.45,-42.22
19.5,-42.22
19.5,-41.73
19.55,-41.73
19.55,-42.29
19.6,-42.29
19.6,-42.01
19.65,-42.01
19.65,-42.9
19.7,-42.9
19.7,-43.2
19.75,-43.2
19.75,-43.34
19.8,-43.34
19.8,-42.38
19.85,-42.38
19.85,-42.76
19.9,-42.76
19.9,-43.87
19.95,-43.87
19.95,-42.03
20,-42.03
20,-41.01
20.05,-41.01
20.05,-41.79
20.1,-41.79
20.1,-42.28
20.15,-42.28
20.15,-42.11
20.2,-42.11
20.2,-42.7
20.25,-42.7
20.25,-42.49
20.3,-42.49
20.3,-42.75
20.35,-42.75
20.35,-44.28
20.4,-44.28
20.4,-42.61
20.45,-42.61
20.45,-43.15
20.5,-43.15
20.5,-42.06
20.55,-42.06
20.55,-42.96
20.6,-42.96
20.6,-43.29
20.65,-43.29
20.65,-42.14
20.7,-42.14
20.7,-42.41
20.75,-42.41
20.75,-42.77
20.8,-42.77
20.8,-42.07
20.85,-42.07
20.85,-43.05
20.9,-43.05
20.9,-42.14
20.95,-42.14
20.95,-41.71
21,-41.71
21,-42.65
21.05,-42.65
21.05,-42.95
21.1,-42.95
21.1,-43.75
21.15,-43.75
21.15,-42.91
21.2,-42.91
21.2,-43.28
21.25,-43.28
21.25,-42.36
21.3,-42.36
21.3,-41.85
21.35,-41.85
21.35,-42.83
21.4,-42.83
21.4,-41.87
21.45,-41.87
21.45,-42.03
21.5,-42.03
21.5,-41.59
21.55,-41.59
21.55,-41.56
21.6,-41.56
21.6,-42.14
21.65,-42.14
21.65,-42.34
21.7,-42.34
21.7,-42.9
21.75,-42.9
21.75,-42.4
21.8,-42.4
21.8,-42.31
21.85,-42.31
21.85,-43.01
21.9,-43.01
21.9,-42.24
21.95,-42.24
21.95,-42.38
22,-42.38
22,-43.48
22.05,-43.48
22.05,-41.22
22.1,-41.22
22.1,-41.2
22.15,-41.2
22.15,-42.49
22.2,-42.49
22.2,-41.87
22.25,-41.87
22.25,-41.18
22.3,-41.18
22.3,-42.27
22.35,-42.27
22.35,-42.11
22.4,-42.11
22.4,-42.76
22.45,-42.76
22.45,-42.47
22.5,-42.47
22.5,-41.76
22.55,-41.76
22.55,-41.07
22.6,-41.07
22.6,-39.76
22.65,-39.76
22.65,-41.92
22.7,-41.92
22.7,-43.46
22.75,-43.46
22.75,-42
22.8,-42
22.8,-43.68
22.85,-43.68
22.85,-43.61
22.9,-43.61
22.9,-43.77
22.95,-43.77
22.95,-43.67
23,-43.67
23,-44.07
23.05,-44.07
23.05,-43.12
23.1,-43.12
23.1,-43.72
23.15,-43.72
23.15,-44.19
23.2,-44.19
23.2,-43.53
23.25,-43.53
23.25,-43.57
23.3,-43.57
23.3,-42.65
23.35,-42.65
23.35,-43.14
23.4,-43.14
23.4,-43.74
23.45,-43.74
23.45,-43.55
23.5,-43.55
23.5,-43.82
23.55,-43.82
23.55,-44.32
23.6,-44.32
23.6,-43.8
23.65,-43.8
23.65,-42.62
23.7,-42.62
23.7,-43.54
23.75,-43.54
23.75,-43.41
23.8,-43.41
23.8,-43.5
23.85,-43.5
23.85,-43.2
23.9,-43.2
23.9,-42.7
23.95,-42.7
23.95,-43.6
24,-43.6
24,-44.23
24.05,-44.23
24.05,-43.04
24.1,-43.04
24.1,-43.84
24.15,-43.84
24.15,-44.06
24.2,-44.06
24.2,-43.89
24.25,-43.89
24.25,-44.49
24.3,-44.49
24.3,-42.67
24.35,-42.67
24.35,-42.74
24.4,-42.74
24.4,-43.43
24.45,-43.43
24.45,-44.21
24.5,-44.21
24.5,-43.39
24.55,-43.39
24.55,-42.79
24.6,-42.79
24.6,-44
24.65,-44
24.65,-43.45
24.7,-43.45
24.7,-42.93
24.75,-42.93
24.75,-44.13
24.8,-44.13
24.8,-44.86
24.85,-44.86
24.85,-42.36
24.9,-42.36
24.9,-43.39
24.95,-43.39
24.95,-43.44
25,-43.44
25,-44.56
25.05,-44.56
25.05,-44.76
25.1,-44.76
25.1,-44.18
25.15,-44.18
25.15,-43.73
25.2,-43.73
25.2,-44.76
25.25,-44.76
25.25,-44.37
25.3,-44.37
25.3,-43.45
25.35,-43.45
25.35,-43.45
25.4,-43.45
25.4,-44.76
25.45,-44.76
25.45,-42.46
25.5,-42.46
25.5,-43.24
25.55,-43.24
25.55,-42.27
25.6,-42.27
25.6,-42.76
25.65,-42.76
25.65,-43.18
25.7,-43.18
25.7,-42.79
25.75,-42.79
25.75,-42.67
25.8,-42.67
25.8,-42.44
25.85,-42.44
25.85,-42.94
25.9,-42.94
25.9,-43.79
25.95,-43.79
25.95,-45.62
26,-45.62
26,-44.4
26.05,-44.4
26.05,-43.54
26.1,-43.54
26.1,-43.17
26.15,-43.17
26.15,-43.36
26.2,-43.36
26.2,-44.16
26.25,-44.16
26.25,-44.07
26.3,-44.07
26.3,-43.23
26.35,-43.23
26.35,-43.91
26.4,-43.91
26.4,-43.47
26.45,-43.47
26.45,-42.54
26.5,-42.54
26.5,-43.97
26.55,-43.97
26.55,-43.97
26.6,-43.97
26.6,-42.36
26.65,-42.36
26.65,-42.63
26.7,-42.63
26.7,-43.45
26.75,-43.45
26.75,-43.35
26.8,-43.35
26.8,-43.08
26.85,-43.08
26.85,-44.06
26.9,-44.06
26.9,-44.4
26.95,-44.4
26.95,-44.58
27,-44.58
27,-43.61
27.05,-43.61
27.05,-43.03
27.1,-43.03
27.1,-41.42
27.15,-41.42
27.15,-40.72
27.2,-40.72
27.2,-39.62
27.25,-39.62
27.25,-39.4
27.3,-39.4
27.3,-38.37
27.35,-38.37
27.35,-43.2
27.4,-43.2
27.4,-43.72
27.45,-43.72
27.45,-43.82
27.5,-43.82
27.5,-43.85
27.55,-43.85
27.55,-44.84
27.6,-44.84
27.6,-44.2
27.65,-44.2
27.65,-44.58
27.7,-44.58
27.7,-44.05
27.75,-44.05
27.75,-44.15
27.8,-44.15
27.8,-44.48
27.85,-44.48
27.85,-43.75
27.9,-43.75
27.9,-44.7
27.95,-44.7
27.95,-43.59
28,-43.59
28,-43.78
28.05,-43.78
28.05,-44.28
28.1,-44.28
28.1,-43.2
28.15,-43.2
28.15,-43.23
28.2,-43.23
28.2,-40.58
28.25,-40.58
28.25,-40.33
28.3,-40.33
28.3,-40.45
28.35,-40.45
28.35,-40.36
28.4,-40.36
28.4,-39.02
28.45,-39.02
28.45,-40.23
28.5,-40.23
28.5,-42.5
28.55,-42.5
28.55,-43.6
28.6,-43.6
28.6,-44.37
28.65,-44.37
28.65,-44.08
28.7,-44.08
28.7,-44.54
28.75,-44.54
28.75,-43.71
28.8,-43.71
28.8,-44.13
28.85,-44.13
28.85,-44.32
28.9,-44.32
28.9,-43.65
28.95,-43.65
28.95,-43.51
29,-43.51
29,-44.14
29.05,-44.14
29.05,-45.07
29.1,-45.07
29.1,-44.35
29.15,-44.35
29.15,-45.82
29.2,-45.82
29.2,-44.57
29.25,-44.57
29.25,-45.22
29.3,-45.22
29.3,-44.39
29.35,-44.39
29.35,-44.15
29.4,-44.15
29.4,-44.31
29.45,-44.31
29.45,-44.51
29.5,-44.51
29.5,-44.06
29.55,-44.06
29.55,-43.98
29.6,-43.98
29.6,-44.83
29.65,-44.83
29.65,-44.47
29.7,-44.47
29.7,-45.11
29.75,-45.11
29.75,-44.22
29.8,-44.22
29.8,-44.37
29.85,-44.37
29.85,-45.09
29.9,-45.09
29.9,-43.74
29.95,-43.74
29.95,-44.04
30,-44.04
30,-44.88
30.05,-44.88
30.05,-43.76
30.1,-43.76
30.1,-43.35
30.15,-43.35
30.15,-43.83
30.2,-43.83
30.2,-42.23
30.25,-42.23
30.25,-42.37
30.3,-42.37
30.3,-43
30.35,-43
30.35,-43.85
30.4,-43.85
30.4,-43.12
30.45,-43.12
30.45,-43.65
30.5,-43.65
30.5,-44.24
30.55,-44.24
30.55,-44.21
30.6,-44.21
30.6,-43.66
30.65,-43.66
30.65,-43.89
30.7,-43.89
30.7,-43.58
30.75,-43.58
30.75,-43.28
30.8,-43.28
30.8,-44.29
30.85,-44.29
30.85,-44.13
30.9,-44.13
30.9,-43.22
30.95,-43.22
30.95,-43.74
31,-43.74
31,-44.21
31.05,-44.21
31.05,-43.46
31.1,-43.46
31.1,-43.08
31.15,-43.08
31.15,-44.4
31.2,-44.4
31.2,-43.69
31.25,-43.69
31.25,-44.02
31.3,-44.02
31.3,-43.95
31.35,-43.95
31.35,-43.09
31.4,-43.09
31.4,-43.68
31.45,-43.68
31.45,-43.39
31.5,-43.39
31.5,-44.07
31.55,-44.07
31.55,-43.65
31.6,-43.65
31.6,-43.96
31.65,-43.96
31.65,-43.4
31.7,-43.4
31.7,-43.57
31.75,-43.57
31.75,-41.55
31.8,-41.55
31.8,-41.7
31.85,-41.7
31.85,-40.61
31.9,-40.61
31.9,-40.3
31.95,-40.3
31.95,-40.43
32,-40.43
32,-40.4
32.05,-40.4
32.05,-39.94
32.1,-39.94
32.1,-39.88
32.15,-39.88
32.15,-38.92
32.2,-38.92
32.2,-42.28
32.25,-42.28
32.25,-43.91
32.3,-43.91
32.3,-43.81
32.35,-43.81
32.35,-44.18
32.4,-44.18
32.4,-44.26
32.45,-44.26
32.45,-43.77
32.5,-43.77
32.5,-44.17
32.55,-44.17
32.55,-44.69
32.6,-44.69
32.6,-45.14
32.65,-45.14
32.65,-43.84
32.7,-43.84
32.7,-42.97
32.75,-42.97
32.75,-43.48
32.8,-43.48
32.8,-43.68
32.85,-43.68
32.85,-43.81
32.9,-43.81
32.9,-43.26
32.95,-43.26
32.95,-43.21
33,-43.21
33,-43.56
33.05,-43.56
33.05,-44.19
33.1,-44.19
33.1,-43.14
33.15,-43.14
33.15,-41.1
33.2,-41.1
33.2,-40.38
33.25,-40.38
33.25,-39.92
33.3,-39.92
33.3,-39.66
33.35,-39.66
33.35,-39.82
33.4,-39.82
33.4,-39.78
33.45,-39.78
33.45,-39.03
33.5,-39.03
33.5,-41.04
33.55,-41.04
33.55,-41.91
33.6,-41.91
33.6,-42.7
33.65,-42.7
33.65,-42.73
33.7,-42.73
33.7,-43.26
33.75,-43.26
33.75,-43.32
33.8,-43.32
33.8,-42.49
33.85,-42.49
33.85,-42.92
33.9,-42.92
33.9,-42.72
33.95,-42.72
33.95,-42.85
34,-42.85
34,-42.59
34.05,-42.59
34.05,-43.38
34.1,-43.38
34.1,-43.09
34.15,-43.09
34.15,-42.81
34.2,-42.81
34.2,-42.61
34.25,-42.61
34.25,-42.97
34.3,-42.97
34.3,-43.38
34.35,-43.38
34.35,-42.98
34.4,-42.98
34.4,-41.93
34.45,-41.93
34.45,-42.2
34.5,-42.2
34.5,-40.05
34.55,-40.05
34.55,-40.5
34.6,-40.5
34.6,-40.4
34.65,-40.4
34.65,-40.77
34.7,-40.77
34.7,-41.17
34.75,-41.17
34.75,-40.99
34.8,-40.99
34.8,-40.3
34.85,-40.3
34.85,-39.35
34.9,-39.35
34.9,-40.17
34.95,-40.17
34.95,-39.67
35,-39.67
35,-39.8
35.05,-39.8
35.05,-39.36
35.1,-39.36
35.1,-39.51
35.15,-39.51
35.15,-39.24
35.2,-39.24
35.2,-38.78
35.25,-38.78
35.25,-38.63
35.3,-38.63
35.3,-39.86
35.35,-39.86
35.35,-42.62
35.4,-42.62
35.4,-42.74
35.45,-42.74
35.45,-42.83
35.5,-42.83
35.5,-42.6
35.55,-42.6
35.55,-41.95
35.6,-41.95
35.6,-42.58
35.65,-42.58
35.65,-43.43
35.7,-43.43
35.7,-44.52
35.75,-44.52
35.75,-44.52
35.8,-44.52
35.8,-42.59
35.85,-42.59
35.85,-43.13
35.9,-43.13
35.9,-43.32
35.95,-43.32
35.95,-42.93
36,-42.93
36,-42.81
36.05,-42.81
36.05,-42.43
36.1,-42.43
36.1,-42.75
36.15,-42.75
36.15,-43.32
36.2,-43.32
36.2,-42.88
36.25,-42.88
36.25,-42
36.3,-42
36.3,-43.06
36.35,-43.06
36.35,-42.12
36.4,-42.12
36.4,-41.75
36.45,-41.75
36.45,-43.23
36.5,-43.23
36.5,-42.21
36.55,-42.21
36.55,-40.82
36.6,-40.82
36.6,-41.05
36.65,-41.05
36.65,-41.09
36.7,-41.09
36.7,-41.26
36.75,-41.26
36.75,-40.4
36.8,-40.4
36.8,-41.54
36.85,-41.54
36.85,-41.31
36.9,-41.31
36.9,-41.52
36.95,-41.52
36.95,-41.01
37,-41.01
37,-41.33
37.05,-41.33
37.05,-40.96
37.1,-40.96
37.1,-40.21
37.15,-40.21
37.15,-40.02
37.2,-40.02
37.2,-39.59
37.25,-39.59
37.25,-39.93
37.3,-39.93
37.3,-39.28
37.35,-39.28
37.35,-40.29
37.4,-40.29
37.4,-40.21
37.45,-40.21
37.45,-38.77
37.5,-38.77
37.5,-39.28
37.55,-39.28
37.55,-38.74
37.6,-38.74
37.6,-39.15
37.65,-39.15
37.65,-38.9
37.7,-38.9
37.7,-38.71
37.75,-38.71
37.75,-39.04
37.8,-39.04
37.8,-39.12
37.85,-39.12
37.85,-39.03
37.9,-39.03
37.9,-39.41
37.95,-39.41
37.95,-39.05
38,-39.05
38,-38.64
38.05,-38.64
38.05,-38.5
38.1,-38.5
38.1,-38.97
38.15,-38.97
38.15,-38.2
38.2,-38.2
38.2,-38.13
38.25,-38.13
38.25,-38.99
38.3,-38.99
38.3,-41.76
38.35,-41.76
38.35,-42.3
38.4,-42.3
38.4,-42.78
38.45,-42.78
38.45,-42.26
38.5,-42.26
38.5,-42.15
38.55,-42.15
38.55,-42.76
38.6,-42.76
38.6,-42.81
38.65,-42.81
38.65,-42.71
38.7,-42.71
38.7,-42.77
38.75,-42.77
38.75,-43.71
38.8,-43.71
38.8,-43.21
38.85,-43.21
38.85,-43.19
38.9,-43.19
38.9,-43.09
38.95,-43.09
38.95,-42.63
39,-42.63
39,-42.5
39.05,-42.5
39.05,-42.11
39.1,-42.11
39.1,-43.91
39.15,-43.91
39.15,-43.54
39.2,-43.54
39.2,-44.16
39.25,-44.16
39.25,-43.05
39.3,-43.05
39.3,-43.27
39.35,-43.27
39.35,-43.62
39.4,-43.62
39.4,-43.35
39.45,-43.35
39.45,-43.03
39.5,-43.03
39.5,-43.57
39.55,-43.57
39.55,-42.66
39.6,-42.66
39.6,-43.49
39.65,-43.49
39.65,-43.67
39.7,-43.67
39.7,-42.01
39.75,-42.01
39.75,-43.88
39.8,-43.88
39.8,-42.68
39.85,-42.68
39.85,-42.96
39.9,-42.96
39.9,-43.24
39.95,-43.24
39.95,-43.23
40,-43.23
40,-43.33
40.05,-43.33
40.05,-42.23
40.1,-42.23
40.1,-41.09
40.15,-41.09
40.15,-40.75
40.2,-40.75
40.2,-40.34
40.25,-40.34
40.25,-40.18
40.3,-40.18
40.3,-42.77
40.35,-42.77
40.35,-42.2
40.4,-42.2
40.4,-42.44
40.45,-42.44
40.45,-42.21
40.5,-42.21
40.5,-42.42
40.55,-42.42
40.55,-42.2
40.6,-42.2
40.6,-42.29
40.65,-42.29
40.65,-42.08
40.7,-42.08
40.7,-42.9
40.75,-42.9
40.75,-43.34
40.8,-43.34
40.8,-43.32
40.85,-43.32
40.85,-43.01
40.9,-43.01
40.9,-43.67
40.95,-43.67
40.95,-43.77
41,-43.77
41,-42.3
41.05,-42.3
41.05,-42
41.1,-42
41.1,-41.95
41.15,-41.95
41.15,-41.67
41.2,-41.67
41.2,-40.8
41.25,-40.8
41.25,-40.01
41.3,-40.01
41.3,-39.76
41.35,-39.76
41.35,-40.43
41.4,-40.43
41.4,-39.43
41.45,-39.43
41.45,-40.07
41.5,-40.07
41.5,-39.33
41.55,-39.33
41.55,-39.57
41.6,-39.57
41.6,-38.92
41.65,-38.92
41.65,-39.05
41.7,-39.05
41.7,-42.07
41.75,-42.07
41.75,-42.37
41.8,-42.37
41.8,-43.01
41.85,-43.01
41.85,-42.19
41.9,-42.19
41.9,-42.6
41.95,-42.6
41.95,-42.44
42,-42.44
42,-43.29
42.05,-43.29
42.05,-42.82
42.1,-42.82
42.1,-42.48
42.15,-42.48
42.15,-43.48
42.2,-43.48
42.2,-42.49
42.25,-42.49
42.25,-43.17
42.3,-43.17
42.3,-42.77
42.35,-42.77
42.35,-42.67
42.4,-42.67
42.4,-41.73
42.45,-41.73
42.45,-42.46
42.5,-42.46
42.5,-42.2
42.55,-42.2
42.55,-40.87
42.6,-40.87
42.6,-40.97
42.65,-40.97
42.65,-40.92
42.7,-40.92
42.7,-41.11
42.75,-41.11
42.75,-41.62
42.8,-41.62
42.8,-41.17
42.85,-41.17
42.85,-41.12
42.9,-41.12
42.9,-40.63
42.95,-40.63
42.95,-40.05
43,-40.05
43,-39.93
43.05,-39.93
43.05,-39.7
43.1,-39.7
43.1,-39.68
43.15,-39.68
43.15,-39.4
43.2,-39.4
43.2,-39.46
43.25,-39.46
43.25,-38.98
43.3,-38.98
43.3,-38.48
43.35,-38.48
43.35,-38.76
43.4,-38.76
43.4,-39.46
43.45,-39.46
43.45,-40.01
43.5,-40.01
43.5,-39.57
43.55,-39.57
43.55,-39.3
43.6,-39.3
43.6,-39.97
43.65,-39.97
43.65,-41.86
43.7,-41.86
43.7,-42.6
43.75,-42.6
43.75,-43.09
43.8,-43.09
43.8,-43.14
43.85,-43.14
43.85,-43.9
43.9,-43.9
43.9,-43.88
43.95,-43.88
43.95,-43.15
44,-43.15
44,-42.11
44.05,-42.11
44.05,-42.31
44.1,-42.31
44.1,-42.48
44.15,-42.48
44.15,-42.03
44.2,-42.03
44.2,-42.59
44.25,-42.59
44.25,-43.57
44.3,-43.57
44.3,-42.29
44.35,-42.29
44.35,-42.21
44.4,-42.21
44.4,-42.97
44.45,-42.97
44.45,-43.42
44.5,-43.42
44.5,-43.18
44.55,-43.18
44.55,-42.1
44.6,-42.1
44.6,-43.34
44.65,-43.34
44.65,-42.45
44.7,-42.45
44.7,-41.73
44.75,-41.73
44.75,-40.57
44.8,-40.57
44.8,-39.89
44.85,-39.89
44.85,-40.24
44.9,-40.24
44.9,-40.89
44.95,-40.89
44.95,-41.86
45,-41.86
45,-41.82
45.05,-41.82
45.05,-40.91
45.1,-40.91
45.1,-40.72
45.15,-40.72
45.15,-41.27
45.2,-41.27
45.2,-41.07
45.25,-41.07
45.25,-42.03
45.3,-42.03
45.3,-41.18
45.35,-41.18
45.35,-40.7
45.4,-40.7
45.4,-40.73
45.45,-40.73
45.45,-40.98
45.5,-40.98
45.5,-40.6
45.55,-40.6
45.55,-40.75
45.6,-40.75
45.6,-40.23
45.65,-40.23
45.65,-40.94
45.7,-40.94
45.7,-41.08
45.75,-41.08
45.75,-40.82
45.8,-40.82
45.8,-40.26
45.85,-40.26
45.85,-39.46
45.9,-39.46
45.9,-40.16
45.95,-40.16
45.95,-40.2
46,-40.2
46,-39.47
46.05,-39.47
46.05,-39.51
46.1,-39.51
46.1,-39.57
46.15,-39.57
46.15,-39.45
46.2,-39.45
46.2,-39.37
46.25,-39.37
46.25,-39.59
46.3,-39.59
46.3,-39.24
46.35,-39.24
46.35,-39.8
46.4,-39.8
46.4,-39.37
46.45,-39.37
46.45,-38.41
46.5,-38.41
46.5,-39.01
46.55,-39.01
46.55,-39.05
46.6,-39.05
46.6,-38.98
46.65,-38.98
46.65,-38.66
46.7,-38.66
46.7,-38.93
46.75,-38.93
46.75,-39.11
46.8,-39.11
46.8,-39.13
46.85,-39.13
46.85,-38.98
46.9,-38.98
46.9,-38.02
46.95,-38.02
46.95,-38.49
47,-38.49
47,-39.17
47.05,-39.17
47.05,-38.03
47.1,-38.03
47.1,-38.09
47.15,-38.09
47.15,-37.71
47.2,-37.71
47.2,-38.19
47.25,-38.19
47.25,-37.35
47.3,-37.35
47.3,-40.26
47.35,-40.26
47.35,-42.32
47.4,-42.32
47.4,-42.78
47.45,-42.78
47.45,-42.87
47.5,-42.87
47.5,-42.58
47.55,-42.58
47.55,-42.15
47.6,-42.15
47.6,-43.07
47.65,-43.07
47.65,-42.7
47.7,-42.7
47.7,-43.16
47.75,-43.16
47.75,-42.48
47.8,-42.48
47.8,-42
47.85,-42
47.85,-42.87
47.9,-42.87
47.9,-43.63
47.95,-43.63
47.95,-43.61
48,-43.61
48,-42.8
48.05,-42.8
48.05,-41.98
48.1,-41.98
48.1,-42.02
48.15,-42.02
48.15,-43.16
48.2,-43.16
48.2,-43.83
48.25,-43.83
48.25,-43.48
48.3,-43.48
48.3,-42.91
48.35,-42.91
48.35,-42.31
48.4,-42.31
48.4,-43.18
48.45,-43.18
48.45,-42.92
48.5,-42.92
48.5,-42.98
48.55,-42.98
48.55,-43.13
48.6,-43.13
48.6,-44.06
48.65,-44.06
48.65,-43.9
48.7,-43.9
48.7,-43.48
48.75,-43.48
48.75,-43.49
48.8,-43.49
48.8,-42.8
48.85,-42.8
48.85,-42.44
48.9,-42.44
48.9,-42.13
48.95,-42.13
48.95,-41.59
49,-41.59
49,-40.95
49.05,-40.95
49.05,-41.17
49.1,-41.17
49.1,-41.3
49.15,-41.3
49.15,-41.22
49.2,-41.22
49.2,-40.92
49.25,-40.92
49.25,-41.16
49.3,-41.16
49.3,-40.23
49.35,-40.23
49.35,-39.84
49.4,-39.84
49.4,-39.73
49.45,-39.73
49.45,-39.62
49.5,-39.62
49.5,-40.9
49.55,-40.9
49.55,-42.11
49.6,-42.11
49.6,-39.81
49.65,-39.81
49.65,-39.48
49.7,-39.48
49.7,-39.51
49.75,-39.51
49.75,-41.41
49.8,-41.41
49.8,-41.85
49.85,-41.85
49.85,-42.38
49.9,-42.38
49.9,-42.11
49.95,-42.11
49.95,-41.51
50,-41.51
50,-41.19
50.05,-41.19
50.05,-41.47
50.1,-41.47
50.1,-40.3
50.15,-40.3
50.15,-40.52
50.2,-40.52
50.2,-40.53
50.25,-40.53
50.25,-40.49
50.3,-40.49
50.3,-40.42
50.35,-40.42
50.35,-40.74
50.4,-40.74
50.4,-41.1
50.45,-41.1
50.45,-40.72
50.5,-40.72
50.5,-40.19
50.55,-40.19
50.55,-40.29
50.6,-40.29
50.6,-40.86
50.65,-40.86
50.65,-40.59
50.7,-40.59
50.7,-40.51
50.75,-40.51
50.75,-40.86
50.8,-40.86
50.8,-40.9
50.85,-40.9
50.85,-40.71
50.9,-40.71
50.9,-40.43
50.95,-40.43
50.95,-40.78
51,-40.78
51,-39.81
51.05,-39.81
51.05,-40.57
51.1,-40.57
51.1,-40.63
51.15,-40.63
51.15,-40.22
51.2,-40.22
51.2,-40.34
51.25,-40.34
51.25,-40.11
51.3,-40.11
51.3,-40.72
51.35,-40.72
51.35,-40.72
51.4,-40.72
51.4,-40.15
51.45,-40.15
51.45,-40.53
51.5,-40.53
51.5,-40.6
51.55,-40.6
51.55,-40.45
51.6,-40.45
51.6,-40.08
51.65,-40.08
51.65,-40.71
51.7,-40.71
51.7,-40.69
51.75,-40.69
51.75,-40.43
51.8,-40.43
51.8,-40.85
51.85,-40.85
51.85,-41.07
51.9,-41.07
51.9,-39.81
51.95,-39.81
51.95,-40.44
52,-40.44
52,-39.8
52.05,-39.8
52.05,-40.67
52.1,-40.67
52.1,-41.01
52.15,-41.01
52.15,-41.04
52.2,-41.04
52.2,-41.39
52.25,-41.39
52.25,-40.26
52.3,-40.26
52.3,-39.11
52.35,-39.11
52.35,-39.27
52.4,-39.27
52.4,-39.79
52.45,-39.79
52.45,-39.96
52.5,-39.96
52.5,-39.87
52.55,-39.87
52.55,-39.04
52.6,-39.04
52.6,-39.42
52.65,-39.42
52.65,-39.91
52.7,-39.91
52.7,-39.44
52.75,-39.44
52.75,-39.31
52.8,-39.31
52.8,-38.84
52.85,-38.84
52.85,-38.83
52.9,-38.83
52.9,-39.74
52.95,-39.74
52.95,-39.24
53,-39.24
53,-39.99
53.05,-39.99
53.05,-39.42
53.1,-39.42
53.1,-38.77
53.15,-38.77
53.15,-39.48
53.2,-39.48
53.2,-38.96
53.25,-38.96
53.25,-39.87
53.3,-39.87
53.3,-39.66
53.35,-39.66
53.35,-39.55
53.4,-39.55
53.4,-39.59
53.45,-39.59
53.45,-39.24
53.5,-39.24
53.5,-39.27
53.55,-39.27
53.55,-39.56
53.6,-39.56
53.6,-39.21
53.65,-39.21
53.65,-39.31
53.7,-39.31
53.7,-38.9
53.75,-38.9
53.75,-39.49
53.8,-39.49
53.8,-39.47
53.85,-39.47
53.85,-39.38
53.9,-39.38
53.9,-38.73
53.95,-38.73
53.95,-38.83
54,-38.83
54,-39.5
54.05,-39.5
54.05,-38.51
54.1,-38.51
54.1,-39.35
54.15,-39.35
54.15,-38.88
54.2,-38.88
54.2,-38.86
54.25,-38.86
54.25,-39.03
54.3,-39.03
54.3,-38.74
54.35,-38.74
54.35,-38.44
54.4,-38.44
54.4,-39.24
54.45,-39.24
54.45,-39.37
54.5,-39.37
54.5,-39.1
54.55,-39.1
54.55,-38.55
54.6,-38.55
54.6,-38.03
54.65,-38.03
54.65,-37.92
54.7,-37.92
54.7,-39.91
54.75,-39.91
54.75,-40.86
54.8,-40.86
54.8,-38.87
54.85,-38.87
54.85,-38.79
54.9,-38.79
54.9,-38.81
54.95,-38.81
54.95,-39.14
55,-39.14
55,-40.65
55.05,-40.65
55.05,-42.52
55.1,-42.52
55.1,-42.87
55.15,-42.87
55.15,-42.52
55.2,-42.52
55.2,-42.8
55.25,-42.8
55.25,-42.88
55.3,-42.88
55.3,-43.53
55.35,-43.53
55.35,-42.7
55.4,-42.7
55.4,-42.46
55.45,-42.46
55.45,-42.74
55.5,-42.74
55.5,-42.29
55.55,-42.29
55.55,-42.2
55.6,-42.2
55.6,-41.63
55.65,-41.63
55.65,-42.2
55.7,-42.2
55.7,-38.93
55.75,-38.93
55.75,-38.84
55.8,-38.84
55.8,-42.14
55.85,-42.14
55.85,-42.87
55.9,-42.87
55.9,-42.76
55.95,-42.76
55.95,-42.49
56,-42.49
56,-42.9
56.05,-42.9
56.05,-42.99
56.1,-42.99
56.1,-42
56.15,-42
56.15,-41.42
56.2,-41.42
56.2,-39.24
56.25,-39.24
56.25,-39.61
56.3,-39.61
56.3,-39.32
56.35,-39.32
56.35,-39.61
56.4,-39.61
56.4,-39.35
56.45,-39.35
56.45,-38.9
56.5,-38.9
56.5,-39.83
56.55,-39.83
56.55,-42.08
56.6,-42.08
56.6,-43.22
56.65,-43.22
56.65,-42.96
56.7,-42.96
56.7,-42.84
56.75,-42.84
56.75,-43.09
56.8,-43.09
56.8,-42.63
56.85,-42.63
56.85,-42.16
56.9,-42.16
56.9,-42.47
56.95,-42.47
56.95,-42.24
57,-42.24
57,-42.42
57.05,-42.42
57.05,-42.46
57.1,-42.46
57.1,-42.01
57.15,-42.01
57.15,-42.36
57.2,-42.36
57.2,-41.25
57.25,-41.25
57.25,-41.23
57.3,-41.23
57.3,-41.17
57.35,-41.17
57.35,-40.63
57.4,-40.63
57.4,-40.11
57.45,-40.11
57.45,-40.07
57.5,-40.07
57.5,-40.27
57.55,-40.27
57.55,-40.68
57.6,-40.68
57.6,-40.92
57.65,-40.92
57.65,-40.61
57.7,-40.61
57.7,-40.51
57.75,-40.51
57.75,-41.02
57.8,-41.02
57.8,-41.42
57.85,-41.42
57.85,-40.5
57.9,-40.5
57.9,-40.37
57.95,-40.37
57.95,-40.35
58,-40.35
58,-40.68
58.05,-40.68
58.05,-40.02
58.1,-40.02
58.1,-39.67
58.15,-39.67
58.15,-39.74
58.2,-39.74
58.2,-39.83
58.25,-39.83
58.25,-39.44
58.3,-39.44
58.3,-38.99
58.35,-38.99
58.35,-39.6
58.4,-39.6
58.4,-39.68
58.45,-39.68
58.45,-39.17
58.5,-39.17
58.5,-38.64
58.55,-38.64
58.55,-38.83
58.6,-38.83
58.6,-39.42
58.65,-39.42
58.65,-39.87
58.7,-39.87
58.7,-38.41
58.75,-38.41
58.75,-41.2
58.8,-41.2
58.8,-41.97
58.85,-41.97
58.85,-41.09
58.9,-41.09
58.9,-38.19
58.95,-38.19
58.95,-39.6
59,-39.6
59,-42.05
59.05,-42.05
59.05,-42.52
59.1,-42.52
59.1,-42.66
59.15,-42.66
59.15,-42.19
59.2,-42.19
59.2,-42.46
59.25,-42.46
59.25,-41.99
59.3,-41.99
59.3,-40.97
59.35,-40.97
59.35,-39.35
59.4,-39.35
59.4,-39.19
59.45,-39.19
59.45,-39.52
59.5,-39.52
59.5,-40.99
59.55,-40.99
59.55,-40.3
59.6,-40.3
59.6,-38.95
59.65,-38.95
59.65,-38.36
59.7,-38.36
59.7,-38.25
59.75,-38.25
59.75,-39.12
59.8,-39.12
59.8,-42.3
59.85,-42.3
59.85,-42.88
59.9,-42.88
59.9,-42.94
59.95,-42.94
59.95,-42.25
60,-42.25
60,-38.53
60.05,-38.53
60.05,-37.93
60.1,-37.93
60.1,-40.31
60.15,-40.31
60.15,-42.72
60.2,-42.72
60.2,-43.39
60.25,-43.39
60.25,-43.45
60.3,-43.45
60.3,-43.27
60.35,-43.27
60.35,-42.43
60.4,-42.43
60.4,-42.57
60.45,-42.57
60.45,-43.58
60.5,-43.58
60.5,-43.37
60.55,-43.37
60.55,-42.69
60.6,-42.69
60.6,-43.07
60.65,-43.07
60.65,-43.16
60.7,-43.16
60.7,-43.33
60.75,-43.33
60.75,-43.45
60.8,-43.45
60.8,-43.3
60.85,-43.3
60.85,-43.24
60.9,-43.24
60.9,-42.84
60.95,-42.84
60.95,-42.89
61,-42.89
61,-43.25
61.05,-43.25
61.05,-43.19
61.1,-43.19
61.1,-43.24
61.15,-43.24
61.15,-43.12
61.2,-43.12
61.2,-43.05
61.25,-43.05
61.25,-42.99
61.3,-42.99
61.3,-43.13
61.35,-43.13
61.35,-43.1
61.4,-43.1
61.4,-43.53
61.45,-43.53
61.45,-43.74
61.5,-43.74
61.5,-43.69
61.55,-43.69
61.55,-43.65
61.6,-43.65
61.6,-43.39
61.65,-43.39
61.65,-43.97
61.7,-43.97
61.7,-44.15
61.75,-44.15
61.75,-43.21
61.8,-43.21
61.8,-44.19
61.85,-44.19
61.85,-43.28
61.9,-43.28
61.9,-43.81
61.95,-43.81
61.95,-43.7
62,-43.7
62,-43.18
62.05,-43.18
62.05,-43.1
62.1,-43.1
62.1,-43.23
62.15,-43.23
62.15,-43.67
62.2,-43.67
62.2,-45.1
62.25,-45.1
62.25,-44.57
62.3,-44.57
62.3,-43.63
62.35,-43.63
62.35,-43.09
62.4,-43.09
62.4,-43.34
62.45,-43.34
62.45,-44.38
62.5,-44.38
62.5,-44.75
62.55,-44.75
62.55,-43.15
62.6,-43.15
62.6,-43.63
62.65,-43.63
62.65,-44.21
62.7,-44.21
62.7,-44.7
62.75,-44.7
62.75,-44.49
62.8,-44.49
62.8,-43.54
62.85,-43.54
62.85,-44.18
62.9,-44.18
62.9,-44.6
62.95,-44.6
62.95,-44.01
63,-44.01
63,-43.86
63.05,-43.86
63.05,-44.52
63.1,-44.52
63.1,-45.02
63.15,-45.02
63.15,-44.74
63.2,-44.74
63.2,-44.58
63.25,-44.58
63.25,-44.43
63.3,-44.43
63.3,-44.15
63.35,-44.15
63.35,-45.16
63.4,-45.16
63.4,-44.63
63.45,-44.63
63.45,-43.77
63.5,-43.77
63.5,-45.04
63.55,-45.04
63.55,-44.4
63.6,-44.4
63.6,-44
63.65,-44
63.65,-43.9
63.7,-43.9
63.7,-44.81
63.75,-44.81
63.75,-44.7
63.8,-44.7
63.8,-44.37
63.85,-44.37
63.85,-44.49
63.9,-44.49
63.9,-43.79
63.95,-43.79
63.95,-43.41
64,-43.41
64,-43.2
64.05,-43.2
64.05,-43.1
64.1,-43.1
64.1,-43.35
64.15,-43.35
64.15,-43.99
64.2,-43.99
64.2,-43.26
64.25,-43.26
64.25,-43.05
64.3,-43.05
64.3,-43.39
64.35,-43.39
64.35,-43.95
64.4,-43.95
64.4,-44.26
64.45,-44.26
64.45,-43.34
64.5,-43.34
64.5,-41.33
64.55,-41.33
64.55,-39.97
64.6,-39.97
64.6,-40.07
64.65,-40.07
64.65,-39.74
64.7,-39.74
64.7,-40.21
64.75,-40.21
64.75,-42.24
64.8,-42.24
64.8,-42.97
64.85,-42.97
64.85,-44.26
64.9,-44.26
64.9,-42.71
64.95,-42.71
64.95,-43.79
65,-43.79
65,-44.25
65.05,-44.25
65.05,-44.17
65.1,-44.17
65.1,-44.85
65.15,-44.85
65.15,-45.29
65.2,-45.29
65.2,-44.49
65.25,-44.49
65.25,-44.44
65.3,-44.44
65.3,-44.52
65.35,-44.52
65.35,-43.84
65.4,-43.84
65.4,-43.55
65.45,-43.55
65.45,-44.22
65.5,-44.22
65.5,-43.94
65.55,-43.94
65.55,-43.61
65.6,-43.61
65.6,-43.04
65.65,-43.04
65.65,-43.84
65.7,-43.84
65.7,-43.85
65.75,-43.85
65.75,-43.54
65.8,-43.54
65.8,-42.91
65.85,-42.91
65.85,-43.12
65.9,-43.12
65.9,-43.61
65.95,-43.61
65.95,-44.81
66,-44.81
66,-44.26
66.05,-44.26
66.05,-44.16
66.1,-44.16
66.1,-44.64
66.15,-44.64
66.15,-44.44
66.2,-44.44
66.2,-44.24
66.25,-44.24
66.25,-43.95
66.3,-43.95
66.3,-44.01
66.35,-44.01
66.35,-44.48
66.4,-44.48
66.4,-44.76
66.45,-44.76
66.45,-45.04
66.5,-45.04
66.5,-44.48
66.55,-44.48
66.55,-44.33
66.6,-44.33
66.6,-44.17
66.65,-44.17
66.65,-44.19
66.7,-44.19
66.7,-44.22
66.75,-44.22
66.75,-43.67
66.8,-43.67
66.8,-43.35
66.85,-43.35
66.85,-43.04
66.9,-43.04
66.9,-44.23
66.95,-44.23
66.95,-43.99
67,-43.99
67,-43.76
67.05,-43.76
67.05,-44.65
67.1,-44.65
67.1,-44.3
67.15,-44.3
67.15,-43.71
67.2,-43.71
67.2,-44.64
67.25,-44.64
67.25,-44.21
67.3,-44.21
67.3,-42.91
67.35,-42.91
67.35,-43.39
67.4,-43.39
67.4,-43.73
67.45,-43.73
67.45,-44.12
67.5,-44.12
67.5,-43.2
67.55,-43.2
67.55,-43.62
67.6,-43.62
67.6,-44.08
67.65,-44.08
67.65,-44.18
67.7,-44.18
67.7,-43.76
67.75,-43.76
67.75,-43.33
67.8,-43.33
67.8,-44.73
67.85,-44.73
67.85,-44.22
67.9,-44.22
67.9,-43.41
67.95,-43.41
67.95,-42.37
68,-42.37
68,-42.32
68.05,-42.32
68.05,-42.79
68.1,-42.79
68.1,-43.22
68.15,-43.22
68.15,-43.45
68.2,-43.45
68.2,-43.99
68.25,-43.99
68.25,-44.37
68.3,-44.37
68.3,-44.81
68.35,-44.81
68.35,-43.87
68.4,-43.87
68.4,-43.87
68.45,-43.87
68.45,-44.62
68.5,-44.62
68.5,-44.16
68.55,-44.16
68.55,-43.83
68.6,-43.83
68.6,-44.1
68.65,-44.1
68.65,-44.05
68.7,-44.05
68.7,-43.96
68.75,-43.96
68.75,-44.47
68.8,-44.47
68.8,-44.25
68.85,-44.25
68.85,-43.42
68.9,-43.42
68.9,-43.66
68.95,-43.66
68.95,-43.76
69,-43.76
69,-43.84
69.05,-43.84
69.05,-44.4
69.1,-44.4
69.1,-44.69
69.15,-44.69
69.15,-44.03
69.2,-44.03
69.2,-43.92
69.25,-43.92
69.25,-43.8
69.3,-43.8
69.3,-43.76
69.35,-43.76
69.35,-43.93
69.4,-43.93
69.4,-44.19
69.45,-44.19
69.45,-43.3
69.5,-43.3
69.5,-43.6
69.55,-43.6
69.55,-44.03
69.6,-44.03
69.6,-42.78
69.65,-42.78
69.65,-43.35
69.7,-43.35
69.7,-43.73
69.75,-43.73
69.75,-43.88
69.8,-43.88
69.8,-44.39
69.85,-44.39
69.85,-44.68
69.9,-44.68
69.9,-43.8
69.95,-43.8
69.95,-43.54
70,-43.54
70,-43.09
70.05,-43.09
70.05,-42.07
70.1,-42.07
70.1,-40.56
70.15,-40.56
70.15,-39.73
70.2,-39.73
70.2,-39.55
70.25,-39.55
70.25,-42.18
70.3,-42.18
70.3,-44.18
70.35,-44.18
70.35,-44.7
70.4,-44.7
70.4,-44.34
70.45,-44.34
70.45,-44.32
70.5,-44.32
70.5,-44.23
70.55,-44.23
70.55,-44.13
70.6,-44.13
70.6,-43.82
70.65,-43.82
70.65,-43.76
70.7,-43.76
70.7,-43.67
70.75,-43.67
70.75,-43.28
70.8,-43.28
70.8,-43.05
70.85,-43.05
70.85,-43.5
70.9,-43.5
70.9,-43.52
70.95,-43.52
70.95,-43.48
71,-43.48
71,-42.86
71.05,-42.86
71.05,-42.45
71.1,-42.45
71.1,-41.93
71.15,-41.93
71.15,-42.22
71.2,-42.22
71.2,-42.16
71.25,-42.16
71.25,-42.07
71.3,-42.07
71.3,-42.06
71.35,-42.06
71.35,-42.17
71.4,-42.17
71.4,-42.27
71.45,-42.27
71.45,-41.6
71.5,-41.6
71.5,-40.74
71.55,-40.74
71.55,-40.51
71.6,-40.51
71.6,-40.51
71.65,-40.51
71.65,-40.13
71.7,-40.13
71.7,-40.34
71.75,-40.34
71.75,-40.87
71.8,-40.87
71.8,-40.37
71.85,-40.37
71.85,-39.81
71.9,-39.81
71.9,-39.58
71.95,-39.58
71.95,-39.69
72,-39.69
72,-40.1
72.05,-40.1
72.05,-39.91
72.1,-39.91
72.1,-39.5
72.15,-39.5
72.15,-39.53
72.2,-39.53
72.2,-39.61
72.25,-39.61
72.25,-39.66
72.3,-39.66
72.3,-39.23
72.35,-39.23
72.35,-39.08
72.4,-39.08
72.4,-39
72.45,-39
72.45,-38.73
72.5,-38.73
72.5,-38.61
72.55,-38.61
72.55,-38.47
72.6,-38.47
72.6,-38.31
72.65,-38.31
72.65,-38.39
72.7,-38.39
72.7,-37.92
72.75,-37.92
72.75,-37.67
72.8,-37.67
72.8,-38.15
72.85,-38.15
72.85,-37.71
72.9,-37.71
72.9,-37.96
72.95,-37.96
72.95,-40.85
73,-40.85
73,-43.63
73.05,-43.63
73.05,-44.39
73.1,-44.39
73.1,-44.22
73.15,-44.22
73.15,-43.95
73.2,-43.95
73.2,-44.66
73.25,-44.66
73.25,-44.84
73.3,-44.84
73.3,-45.07
73.35,-45.07
73.35,-44.96
73.4,-44.96
73.4,-44.69
73.45,-44.69
73.45,-44.92
73.5,-44.92
73.5,-45.18
73.55,-45.18
73.55,-44.66
73.6,-44.66
73.6,-44.36
73.65,-44.36
73.65,-45.05
73.7,-45.05
73.7,-45.15
73.75,-45.15
73.75,-44.43
73.8,-44.43
73.8,-44.57
73.85,-44.57
73.85,-44.9
73.9,-44.9
73.9,-44.79
73.95,-44.79
73.95,-44.65
74,-44.65
74,-45.13
74.05,-45.13
74.05,-45.39
74.1,-45.39
74.1,-44.99
74.15,-44.99
74.15,-44.88
74.2,-44.88
74.2,-44.41
74.25,-44.41
74.25,-44.44
74.3,-44.44
74.3,-44.54
74.35,-44.54
74.35,-44.88
74.4,-44.88
74.4,-45.15
74.45,-45.15
74.45,-44.34
74.5,-44.34
74.5,-44.21
74.55,-44.21
74.55,-44.06
74.6,-44.06
74.6,-44.69
74.65,-44.69
74.65,-44.51
74.7,-44.51
74.7,-42.98
74.75,-42.98
74.75,-42.78
74.8,-42.78
74.8,-42.22
74.85,-42.22
74.85,-40.97
74.9,-40.97
74.9,-39.88
74.95,-39.88
74.95,-40.06
75,-40.06
75,-40.97
75.05,-40.97
75.05,-41.35
75.1,-41.35
75.1,-40.44
75.15,-40.44
75.15,-40.86
75.2,-40.86
75.2,-40.34
75.25,-40.34
75.25,-39.97
75.3,-39.97
75.3,-40
75.35,-40
75.35,-39.86
75.4,-39.86
75.4,-39.5
75.45,-39.5
75.45,-39.19
75.5,-39.19
75.5,-39.54
75.55,-39.54
75.55,-39.6
75.6,-39.6
75.6,-39.44
75.65,-39.44
75.65,-39.24
75.7,-39.24
75.7,-39.64
75.75,-39.64
75.75,-39.27
75.8,-39.27
75.8,-39.45
75.85,-39.45
75.85,-39.05
75.9,-39.05
75.9,-39.23
75.95,-39.23
75.95,-39.51
76,-39.51
76,-39.24
76.05,-39.24
76.05,-39.32
76.1,-39.32
76.1,-39.14
76.15,-39.14
76.15,-38.8
76.2,-38.8
76.2,-38.81
76.25,-38.81
76.25,-38.37
76.3,-38.37
76.3,-38.65
76.35,-38.65
76.35,-38.79
76.4,-38.79
76.4,-38.9
76.45,-38.9
76.45,-38.58
76.5,-38.58
76.5,-38.12
76.55,-38.12
76.55,-38.18
76.6,-38.18
76.6,-38.38
76.65,-38.38
76.65,-38.25
76.7,-38.25
76.7,-37.93
76.75,-37.93
76.75,-37.84
76.8,-37.84
76.8,-37.81
76.85,-37.81
76.85,-37.28
76.9,-37.28
76.9,-37.59
76.95,-37.59
76.95,-37.28
77,-37.28
77,-36.81
77.05,-36.81
77.05,-38.69
77.1,-38.69
77.1,-41.42
77.15,-41.42
77.15,-42.68
77.2,-42.68
77.2,-42.95
77.25,-42.95
77.25,-42.4
77.3,-42.4
77.3,-42.43
77.35,-42.43
77.35,-42.46
77.4,-42.46
77.4,-42.8
77.45,-42.8
77.45,-43.41
77.5,-43.41
77.5,-42.45
77.55,-42.45
77.55,-42.95
77.6,-42.95
77.6,-43.1
77.65,-43.1
77.65,-42.55
77.7,-42.55
77.7,-42.42
77.75,-42.42
77.75,-42.68
77.8,-42.68
77.8,-42.92
77.85,-42.92
77.85,-42.87
77.9,-42.87
77.9,-42.37
77.95,-42.37
77.95,-42.8
78,-42.8
78,-43.63
78.05,-43.63
78.05,-43.59
78.1,-43.59
78.1,-43.15
78.15,-43.15
78.15,-42.74
78.2,-42.74
78.2,-42.39
78.25,-42.39
78.25,-42.64
78.3,-42.64
78.3,-42.48
78.35,-42.48
78.35,-42.07
78.4,-42.07
78.4,-41.62
78.45,-41.62
78.45,-41.06
78.5,-41.06
78.5,-39.62
78.55,-39.62
78.55,-39.29
78.6,-39.29
78.6,-39.05
78.65,-39.05
78.65,-39.28
78.7,-39.28
78.7,-39.86
78.75,-39.86
78.75,-40.49
78.8,-40.49
78.8,-41.03
78.85,-41.03
78.85,-41.23
78.9,-41.23
78.9,-40.92
78.95,-40.92
78.95,-41.01
79,-41.01
79,-40.85
79.05,-40.85
79.05,-40.3
79.1,-40.3
79.1,-39.91
79.15,-39.91
79.15,-40.49
79.2,-40.49
79.2,-40.4
79.25,-40.4
79.25,-39.96
79.3,-39.96
79.3,-40.64
79.35,-40.64
79.35,-40.2
79.4,-40.2
79.4,-39.28
79.45,-39.28
79.45,-39.37
79.5,-39.37
79.5,-38.9
79.55,-38.9
79.55,-39.32
79.6,-39.32
79.6,-39.03
79.65,-39.03
79.65,-38.91
79.7,-38.91
79.7,-39.45
79.75,-39.45
79.75,-39.17
79.8,-39.17
79.8,-38.72
79.85,-38.72
79.85,-38.69
79.9,-38.69
79.9,-40.76
79.95,-40.76
79.95,-40.7
80,-40.7
80,-40.56
80.05,-40.56
80.05,-40.34
80.1,-40.34
80.1,-40.08
80.15,-40.08
80.15,-40.31
80.2,-40.31
80.2,-40.28
80.25,-40.28
80.25,-39.9
80.3,-39.9
80.3,-39.98
80.35,-39.98
80.35,-40.33
80.4,-40.33
80.4,-40.02
80.45,-40.02
80.45,-39.91
80.5,-39.91
80.5,-39.3
80.55,-39.3
80.55,-39.45
80.6,-39.45
80.6,-39.8
80.65,-39.8
80.65,-39.58
80.7,-39.58
80.7,-39.54
80.75,-39.54
80.75,-39.37
80.8,-39.37
80.8,-39.25
80.85,-39.25
80.85,-39
80.9,-39
80.9,-39.61
80.95,-39.61
80.95,-39.51
81,-39.51
81,-39.33
81.05,-39.33
81.05,-39.52
81.1,-39.52
81.1,-39.16
81.15,-39.16
81.15,-38.65
81.2,-38.65
81.2,-38.98
81.25,-38.98
81.25,-39.22
81.3,-39.22
81.3,-39.44
81.35,-39.44
81.35,-39.18
81.4,-39.18
81.4,-38.74
81.45,-38.74
81.45,-38.61
81.5,-38.61
81.5,-38.36
81.55,-38.36
81.55,-38.79
81.6,-38.79
81.6,-38.85
81.65,-38.85
81.65,-38.48
81.7,-38.48
81.7,-38.65
81.75,-38.65
81.75,-38.35
81.8,-38.35
81.8,-38.44
81.85,-38.44
81.85,-38.37
81.9,-38.37
81.9,-38.07
81.95,-38.07
81.95,-38.38
82,-38.38
82,-38.31
82.05,-38.31
82.05,-38.26
82.1,-38.26
82.1,-38.14
82.15,-38.14
82.15,-38.43
82.2,-38.43
82.2,-37.99
82.25,-37.99
82.25,-37.79
82.3,-37.79
82.3,-37.78
82.35,-37.78
82.35,-37.84
82.4,-37.84
82.4,-37.68
82.45,-37.68
82.45,-37.26
82.5,-37.26
82.5,-37.88
82.55,-37.88
82.55,-38.05
82.6,-38.05
82.6,-38.23
82.65,-38.23
82.65,-38.06
82.7,-38.06
82.7,-38.24
82.75,-38.24
82.75,-37.72
82.8,-37.72
82.8,-37.82
82.85,-37.82
82.85,-37.96
82.9,-37.96
82.9,-38.62
82.95,-38.62
82.95,-38.45
83,-38.45
83,-37.85
83.05,-37.85
83.05,-38.22
83.1,-38.22
83.1,-37.96
83.15,-37.96
83.15,-37.92
83.2,-37.92
83.2,-37.92
83.25,-37.92
83.25,-37.99
83.3,-37.99
83.3,-37.84
83.35,-37.84
83.35,-37.57
83.4,-37.57
83.4,-37.98
83.45,-37.98
83.45,-38.47
83.5,-38.47
83.5,-38.19
83.55,-38.19
83.55,-38.02
83.6,-38.02
83.6,-38.19
83.65,-38.19
83.65,-37.28
83.7,-37.28
83.7,-37.02
83.75,-37.02
83.75,-37.06
83.8,-37.06
83.8,-37.57
83.85,-37.57
83.85,-37.78
83.9,-37.78
83.9,-37.76
83.95,-37.76
83.95,-38.02
84,-38.02
84,-37.82
84.05,-37.82
84.05,-37.94
84.1,-37.94
84.1,-37.84
84.15,-37.84
84.15,-37.35
84.2,-37.35
84.2,-36.94
84.25,-36.94
84.25,-37.24
84.3,-37.24
84.3,-36.82
84.35,-36.82
84.35,-37.55
84.4,-37.55
84.4,-37.54
84.45,-37.54
84.45,-37.84
84.5,-37.84
84.5,-38.15
84.55,-38.15
84.55,-37.8
84.6,-37.8
84.6,-37.52
84.65,-37.52
84.65,-37.19
84.7,-37.19
84.7,-37.34
84.75,-37.34
84.75,-37.41
84.8,-37.41
84.8,-37.95
84.85,-37.95
84.85,-37.55
84.9,-37.55
84.9,-37.98
84.95,-37.98
84.95,-37.94
85,-37.94
85,-38.32
85.05,-38.32
85.05,-37.49
85.1,-37.49
85.1,-37.07
85.15,-37.07
85.15,-37.2
85.2,-37.2
85.2,-37.06
85.25,-37.06
85.25,-36.62
85.3,-36.62
85.3,-36.81
85.35,-36.81
85.35,-37.19
85.4,-37.19
85.4,-39.15
85.45,-39.15
85.45,-41.13
85.5,-41.13
85.5,-41.03
85.55,-41.03
85.55,-40.68
85.6,-40.68
85.6,-39.29
85.65,-39.29
85.65,-38.7
85.7,-38.7
85.7,-40.33
85.75,-40.33
85.75,-39.98
85.8,-39.98
85.8,-40.09
85.85,-40.09
85.85,-41.2
85.9,-41.2
85.9,-40.89
85.95,-40.89
85.95,-40.46
86,-40.46
86,-40.31
86.05,-40.31
86.05,-40.69
86.1,-40.69
86.1,-41.29
86.15,-41.29
86.15,-41.13
86.2,-41.13
86.2,-41.08
86.25,-41.08
86.25,-41.6
86.3,-41.6
86.3,-41.36
86.35,-41.36
86.35,-41.4
86.4,-41.4
86.4,-41.52
86.45,-41.52
86.45,-40.93
86.5,-40.93
86.5,-41.56
86.55,-41.56
86.55,-41.6
86.6,-41.6
86.6,-40.68
86.65,-40.68
86.65,-40.73
86.7,-40.73
86.7,-40.77
86.75,-40.77
86.75,-40.04
86.8,-40.04
86.8,-41.02
86.85,-41.02
86.85,-41.35
86.9,-41.35
86.9,-41.32
86.95,-41.32
86.95,-41.5
87,-41.5
87,-41.57
87.05,-41.57
87.05,-41.27
87.1,-41.27
87.1,-40.91
87.15,-40.91
87.15,-40.93
87.2,-40.93
87.2,-41.24
87.25,-41.24
87.25,-41.47
87.3,-41.47
87.3,-41.7
87.35,-41.7
87.35,-42.09
87.4,-42.09
87.4,-41.39
87.45,-41.39
87.45,-41.31
87.5,-41.31
87.5,-41.28
87.55,-41.28
87.55,-41.16
87.6,-41.16
87.6,-41.26
87.65,-41.26
87.65,-41.35
87.7,-41.35
87.7,-41.96
87.75,-41.96
87.75,-41.97
87.8,-41.97
87.8,-42.04
87.85,-42.04
87.85,-41.84
87.9,-41.84
87.9,-41.51
87.95,-41.51
87.95,-41.6
88,-41.6
88,-41.79
88.05,-41.79
88.05,-41.54
88.1,-41.54
88.1,-41.74
88.15,-41.74
88.15,-41.84
88.2,-41.84
88.2,-41.59
88.25,-41.59
88.25,-41.19
88.3,-41.19
88.3,-40.47
88.35,-40.47
88.35,-39.87
88.4,-39.87
88.4,-39.1
88.45,-39.1
88.45,-40
88.5,-40
88.5,-40.59
88.55,-40.59
88.55,-40.5
88.6,-40.5
88.6,-40
88.65,-40
88.65,-39.69
88.7,-39.69
88.7,-39.32
88.75,-39.32
88.75,-38.92
88.8,-38.92
88.8,-39.14
88.85,-39.14
88.85,-39.79
88.9,-39.79
88.9,-39.21
88.95,-39.21
88.95,-38.97
89,-38.97
89,-38.61
89.05,-38.61
89.05,-38.81
89.1,-38.81
89.1,-39.22
89.15,-39.22
89.15,-38.94
89.2,-38.94
89.2,-38.83
89.25,-38.83
89.25,-38.53
89.3,-38.53
89.3,-38.55
89.35,-38.55
89.35,-38.89
89.4,-38.89
89.4,-39.01
89.45,-39.01
89.45,-39.43
89.5,-39.43
89.5,-39.67
89.55,-39.67
89.55,-39.29
89.6,-39.29
89.6,-38.87
89.65,-38.87
89.65,-38.3
89.7,-38.3
89.7,-38.35
89.75,-38.35
89.75,-38.47
89.8,-38.47
89.8,-38.48
89.85,-38.48
89.85,-38.18
89.9,-38.18
89.9,-38.62
89.95,-38.62
89.95,-38.47
90,-38.47
90,-37.9
90.05,-37.9
90.05,-37.96
90.1,-37.96
90.1,-38.18
90.15,-38.18
90.15,-37.86
90.2,-37.86
90.2,-38
90.25,-38
90.25,-37.75
90.3,-37.75
90.3,-37.68
90.35,-37.68
90.35,-38.02
90.4,-38.02
90.4,-38.14
90.45,-38.14
90.45,-39.13
90.5,-39.13
90.5,-38.49
90.55,-38.49
90.55,-38.19
90.6,-38.19
90.6,-37.97
90.65,-37.97
90.65,-38.45
90.7,-38.45
90.7,-39.92
90.75,-39.92
90.75,-40.24
90.8,-40.24
90.8,-39.87
90.85,-39.87
90.85,-39.88
90.9,-39.88
90.9,-39.99
90.95,-39.99
90.95,-39.86
91,-39.86
91,-39.94
91.05,-39.94
91.05,-39.64
91.1,-39.64
91.1,-39.46
91.15,-39.46
91.15,-39.38
91.2,-39.38
91.2,-39.6
91.25,-39.6
91.25,-39.61
91.3,-39.61
91.3,-39.5
91.35,-39.5
91.35,-39.58
91.4,-39.58
91.4,-39.75
91.45,-39.75
91.45,-39.78
91.5,-39.78
91.5,-39.57
91.55,-39.57
91.55,-39.27
91.6,-39.27
91.6,-39.4
91.65,-39.4
91.65,-39.51
91.7,-39.51
91.7,-39.5
91.75,-39.5
91.75,-39.6
91.8,-39.6
91.8,-39.11
91.85,-39.11
91.85,-39.79
91.9,-39.79
91.9,-39.6
91.95,-39.6
91.95,-39.68
92,-39.68
92,-39.86
92.05,-39.86
92.05,-39.87
92.1,-39.87
92.1,-39.89
92.15,-39.89
92.15,-39.86
92.2,-39.86
92.2,-40.21
92.25,-40.21
92.25,-39.97
92.3,-39.97
92.3,-39.56
92.35,-39.56
92.35,-39.14
92.4,-39.14
92.4,-39.26
92.45,-39.26
92.45,-39.64
92.5,-39.64
92.5,-39.8
92.55,-39.8
92.55,-39.91
92.6,-39.91
92.6,-39.62
92.65,-39.62
92.65,-39.77
92.7,-39.77
92.7,-39.64
92.75,-39.64
92.75,-40.04
92.8,-40.04
92.8,-40.18
92.85,-40.18
92.85,-39.76
92.9,-39.76
92.9,-39.33
92.95,-39.33
92.95,-39.79
93,-39.79
93,-39.26
93.05,-39.26
93.05,-39.69
93.1,-39.69
93.1,-39.75
93.15,-39.75
93.15,-39.97
93.2,-39.97
93.2,-39.74
93.25,-39.74
93.25,-39.57
93.3,-39.57
93.3,-39.67
93.35,-39.67
93.35,-39.88
93.4,-39.88
93.4,-40.45
93.45,-40.45
93.45,-40.05
93.5,-40.05
93.5,-39.98
93.55,-39.98
93.55,-39.96
93.6,-39.96
93.6,-39.93
93.65,-39.93
93.65,-39.92
93.7,-39.92
93.7,-40.29
93.75,-40.29
93.75,-39.35
93.8,-39.35
93.8,-39.43
93.85,-39.43
93.85,-39.72
93.9,-39.72
93.9,-39.85
93.95,-39.85
93.95,-39.69
94,-39.69
94,-39.55
94.05,-39.55
94.05,-39.85
94.1,-39.85
94.1,-39.18
94.15,-39.18
94.15,-39.81
94.2,-39.81
94.2,-39.9
94.25,-39.9
94.25,-39.78
94.3,-39.78
94.3,-39.73
94.35,-39.73
94.35,-39.69
94.4,-39.69
94.4,-39.41
94.45,-39.41
94.45,-39.05
94.5,-39.05
94.5,-39.39
94.55,-39.39
94.55,-39.58
94.6,-39.58
94.6,-39.29
94.65,-39.29
94.65,-39.11
94.7,-39.11
94.7,-38.97
94.75,-38.97
94.75,-39.47
94.8,-39.47
94.8,-39.73
94.85,-39.73
94.85,-39.63
94.9,-39.63
94.9,-39.6
94.95,-39.6
94.95,-39.51
95,-39.51
95,-39.62
95.05,-39.62
95.05,-39.96
95.1,-39.96
95.1,-39.88
95.15,-39.88
95.15,-39.68
95.2,-39.68
95.2,-39.39
95.25,-39.39
95.25,-39.2
95.3,-39.2
95.3,-39.38
95.35,-39.38
95.35,-39.44
95.4,-39.44
95.4,-39.13
95.45,-39.13
95.45,-39.49
95.5,-39.49
95.5,-39.27
95.55,-39.27
95.55,-38.76
95.6,-38.76
95.6,-38.88
95.65,-38.88
95.65,-39.19
95.7,-39.19
95.7,-39.38
95.75,-39.38
95.75,-39.23
95.8,-39.23
95.8,-38.8
95.85,-38.8
95.85,-38.73
95.9,-38.73
95.9,-39.2
95.95,-39.2
95.95,-39.3
96,-39.3
96,-39.24
96.05,-39.24
96.05,-38.77
96.1,-38.77
96.1,-38.77
96.15,-38.77
96.15,-38.79
96.2,-38.79
96.2,-38.66
96.25,-38.66
96.25,-38.87
96.3,-38.87
96.3,-38.68
96.35,-38.68
96.35,-38.84
96.4,-38.84
96.4,-38.99
96.45,-38.99
96.45,-38.83
96.5,-38.83
96.5,-38.5
96.55,-38.5
96.55,-38.6
96.6,-38.6
96.6,-39.01
96.65,-39.01
96.65,-38.8
96.7,-38.8
96.7,-38.45
96.75,-38.45
96.75,-38.49
96.8,-38.49
96.8,-38.21
96.85,-38.21
96.85,-38.34
96.9,-38.34
96.9,-38.28
96.95,-38.28
96.95,-38.36
97,-38.36
97,-38.89
97.05,-38.89
97.05,-39.04
97.1,-39.04
97.1,-39.36
97.15,-39.36
97.15,-39.17
97.2,-39.17
97.2,-38.13
97.25,-38.13
97.25,-38.54
97.3,-38.54
97.3,-38.81
97.35,-38.81
97.35,-38.9
97.4,-38.9
97.4,-38.93
97.45,-38.93
97.45,-38.8
97.5,-38.8
97.5,-38.7
97.55,-38.7
97.55,-38.64
97.6,-38.64
97.6,-38.43
97.65,-38.43
97.65,-38.54
97.7,-38.54
97.7,-38.35
97.75,-38.35
97.75,-38.36
97.8,-38.36
97.8,-38.38
97.85,-38.38
97.85,-38.03
97.9,-38.03
97.9,-37.97
97.95,-37.97
97.95,-37.93
98,-37.93
98,-39.15
98.05,-39.15
98.05,-38.75
98.1,-38.75
98.1,-38.27
98.15,-38.27
98.15,-38.51
98.2,-38.51
98.2,-38.61
98.25,-38.61
98.25,-38.62
98.3,-38.62
98.3,-38.51
98.35,-38.51
98.35,-38.44
98.4,-38.44
98.4,-38.63
98.45,-38.63
98.45,-38.53
98.5,-38.53
98.5,-38.38
98.55,-38.38
98.55,-38.52
98.6,-38.52
98.6,-38.47
98.65,-38.47
98.65,-38.44
98.7,-38.44
98.7,-38.82
98.75,-38.82
98.75,-38.56
98.8,-38.56
98.8,-38.55
98.85,-38.55
98.85,-38.27
98.9,-38.27
98.9,-38.36
98.95,-38.36
98.95,-38.02
99,-38.02
99,-38.12
99.05,-38.12
99.05,-38.21
99.1,-38.21
99.1,-38.07
99.15,-38.07
99.15,-37.92
99.2,-37.92
99.2,-37.68
99.25,-37.68
99.25,-37.38
99.3,-37.38
99.3,-37.9
99.35,-37.9
99.35,-38.29
99.4,-38.29
99.4,-37.86
99.45,-37.86
99.45,-38.62
99.5,-38.62
99.5,-38.49
99.55,-38.49
99.55,-38.05
99.6,-38.05
99.6,-38.19
99.65,-38.19
99.65,-38.36
99.7,-38.36
99.7,-38.31
99.75,-38.31
99.75,-38.21
99.8,-38.21
99.8,-37.84
99.85,-37.84
99.85,-37.72
99.9,-37.72
99.9,-38.07
99.95,-38.07
99.95,-38.14
100,-38.14
100,-38.14
100.05,-38.14
100.05,-37.73
100.1,-37.73
100.1,-37.77
100.15,-37.77
100.15,-37.91
100.2,-37.91
100.2,-37.57
100.25,-37.57
100.25,-37.68
100.3,-37.68
100.3,-37.84
100.35,-37.84
100.35,-37.57
100.4,-37.57
100.4,-37.58
100.45,-37.58
100.45,-37.46
100.5,-37.46
100.5,-37.54
100.55,-37.54
100.55,-37.52
100.6,-37.52
100.6,-37.83
100.65,-37.83
100.65,-37.98
100.7,-37.98
100.7,-37.87
100.75,-37.87
100.75,-37.71
100.8,-37.71
100.8,-37.75
100.85,-37.75
100.85,-37.99
100.9,-37.99
100.9,-37.92
100.95,-37.92
100.95,-38.04
101,-38.04
101,-37.88
101.05,-37.88
101.05,-37.63
101.1,-37.63
101.1,-37.84
101.15,-37.84
101.15,-38.13
101.2,-38.13
101.2,-37.63
101.25,-37.63
101.25,-37.93
101.3,-37.93
101.3,-38.06
101.35,-38.06
101.35,-37.59
101.4,-37.59
101.4,-37.73
101.45,-37.73
101.45,-37.56
101.5,-37.56
101.5,-37.75
101.55,-37.75
101.55,-37.45
101.6,-37.45
101.6,-37.37
101.65,-37.37
101.65,-37.48
101.7,-37.48
101.7,-37.05
101.75,-37.05
101.75,-37.49
101.8,-37.49
101.8,-37.82
101.85,-37.82
101.85,-37.71
101.9,-37.71
101.9,-37.49
101.95,-37.49
101.95,-37.49
102,-37.49
102,-37.53
102.05,-37.53
102.05,-37.55
102.1,-37.55
102.1,-37.62
102.15,-37.62
102.15,-37.49
102.2,-37.49
102.2,-37.38
102.25,-37.38
102.25,-37.54
102.3,-37.54
102.3,-37.34
102.35,-37.34
102.35,-37.06
102.4,-37.06
102.4,-37.12
102.45,-37.12
102.45,-37.24
102.5,-37.24
102.5,-37.22
102.55,-37.22
102.55,-37.11
102.6,-37.11
102.6,-37.12
102.65,-37.12
102.65,-36.97
102.7,-36.97
102.7,-37.13
102.75,-37.13
102.75,-37.16
102.8,-37.16
102.8,-37.08
102.85,-37.08
102.85,-37.08
102.9,-37.08
102.9,-36.99
102.95,-36.99
102.95,-37.08
103,-37.08
103,-36.98
103.05,-36.98
103.05,-37.02
103.1,-37.02
103.1,-37.02
103.15,-37.02
103.15,-36.56
103.2,-36.56
103.2,-36.95
103.25,-36.95
103.25,-37.43
103.3,-37.43
103.3,-36.85
103.35,-36.85
103.35,-36.81
103.4,-36.81
103.4,-36.66
103.45,-36.66
103.45,-36.41
103.5,-36.41
103.5,-36.53
103.55,-36.53
103.55,-37.04
103.6,-37.04
103.6,-37.15
103.65,-37.15
103.65,-36.94
103.7,-36.94
103.7,-36.01
103.75,-36.01
103.75,-36.53
103.8,-36.53
103.8,-37.01
103.85,-37.01
103.85,-36.77
103.9,-36.77
103.9,-36.84
103.95,-36.84
103.95,-36.84
104,-36.84
104,-37.06
104.05,-37.06
104.05,-36.92
104.1,-36.92
104.1,-37.06
104.15,-37.06
104.15,-36.91
104.2,-36.91
104.2,-36.71
104.25,-36.71
104.25,-36.9
104.3,-36.9
104.3,-36.82
104.35,-36.82
104.35,-36.51
104.4,-36.51
104.4,-36.92
104.45,-36.92
104.45,-36.47
104.5,-36.47
104.5,-36.83
104.55,-36.83
104.55,-37.08
104.6,-37.08
104.6,-36.85
104.65,-36.85
104.65,-37.7
104.7,-37.7
104.7,-38.86
104.75,-38.86
104.75,-39.54
104.8,-39.54
104.8,-39.53
104.85,-39.53
104.85,-39.7
104.9,-39.7
104.9,-39.43
104.95,-39.43
104.95,-39.32
105,-39.32
105,-37.42
105.05,-37.42
105.05,-36.67
105.1,-36.67
105.1,-38.17
105.15,-38.17
105.15,-39.62
105.2,-39.62
105.2,-39.59
105.25,-39.59
105.25,-39.94
105.3,-39.94
105.3,-39.95
105.35,-39.95
105.35,-39.87
105.4,-39.87
105.4,-39.92
105.45,-39.92
105.45,-40.01
105.5,-40.01
105.5,-39.88
105.55,-39.88
105.55,-39.6
105.6,-39.6
105.6,-39.65
105.65,-39.65
105.65,-40.19
105.7,-40.19
105.7,-39.95
105.75,-39.95
105.75,-39.47
105.8,-39.47
105.8,-39.47
105.85,-39.47
105.85,-39.76
105.9,-39.76
105.9,-39.66
105.95,-39.66
105.95,-39.77
106,-39.77
106,-38.27
106.05,-38.27
106.05,-37.95
106.1,-37.95
106.1,-37.83
106.15,-37.83
106.15,-37.72
106.2,-37.72
106.2,-37.37
106.25,-37.37
106.25,-37.51
106.3,-37.51
106.3,-37.62
106.35,-37.62
106.35,-37.22
106.4,-37.22
106.4,-37.1
106.45,-37.1
106.45,-37.43
106.5,-37.43
106.5,-37.51
106.55,-37.51
106.55,-37.59
106.6,-37.59
106.6,-37.44
106.65,-37.44
106.65,-37.45
106.7,-37.45
106.7,-38.39
106.75,-38.39
106.75,-38.37
106.8,-38.37
106.8,-37.34
106.85,-37.34
106.85,-37.32
106.9,-37.32
106.9,-37.09
106.95,-37.09
106.95,-37.43
107,-37.43
107,-37.27
107.05,-37.27
107.05,-37.07
107.1,-37.07
107.1,-36.6
107.15,-36.6
107.15,-36.74
107.2,-36.74
107.2,-39.09
107.25,-39.09
107.25,-39.94
107.3,-39.94
107.3,-38.69
107.35,-38.69
107.35,-37.43
107.4,-37.43
107.4,-37.43
107.45,-37.43
107.45,-37.49
107.5,-37.49
107.5,-37.67
107.55,-37.67
107.55,-37.51
107.6,-37.51
107.6,-37.22
107.65,-37.22
107.65,-37.48
107.7,-37.48
107.7,-37.55
107.75,-37.55
107.75,-37.82
107.8,-37.82
107.8,-37.69
107.85,-37.69
107.85,-37.42
107.9,-37.42
107.9,-37.78
107.95,-37.78
107.95,-37.42
108,-37.42
108,-37.46
108.05,-37.46
108.05,-37.65
108.1,-37.65
108.1,-37.29
108.15,-37.29
108.15,-37.06
108.2,-37.06
108.2,-37.3
108.25,-37.3
108.25,-37.29
108.3,-37.29
108.3,-37.27
108.35,-37.27
108.35,-36.75
108.4,-36.75
108.4,-36.71
108.45,-36.71
108.45,-36.67
108.5,-36.67
108.5,-36.42
108.55,-36.42
108.55,-36.53
108.6,-36.53
108.6,-37.69
108.65,-37.69
108.65,-39.55
108.7,-39.55
108.7,-40.56
108.75,-40.56
108.75,-41.27
108.8,-41.27
108.8,-41.02
108.85,-41.02
108.85,-40.49
108.9,-40.49
108.9,-40.79
108.95,-40.79
108.95,-40.95
109,-40.95
109,-41.15
109.05,-41.15
109.05,-40.84
109.1,-40.84
109.1,-40.68
109.15,-40.68
109.15,-40.49
109.2,-40.49
109.2,-41.13
109.25,-41.13
109.25,-41.22
109.3,-41.22
109.3,-41.26
109.35,-41.26
109.35,-41.1
109.4,-41.1
109.4,-40.97
109.45,-40.97
109.45,-40.72
109.5,-40.72
109.5,-40.81
109.55,-40.81
109.55,-40.91
109.6,-40.91
109.6,-41.23
109.65,-41.23
109.65,-41.5
109.7,-41.5
109.7,-41.69
109.75,-41.69
109.75,-41.41
109.8,-41.41
109.8,-41.38
109.85,-41.38
109.85,-41.33
109.9,-41.33
109.9,-41.27
109.95,-41.27
109.95,-41.26
110,-41.26
110,-41.38
110.05,-41.38
110.05,-41.11
110.1,-41.11
110.1,-40.81
110.15,-40.81
110.15,-41.25
110.2,-41.25
110.2,-41.29
110.25,-41.29
110.25,-41.28
110.3,-41.28
110.3,-41.4
110.35,-41.4
110.35,-41.46
110.4,-41.46
110.4,-41.89
110.45,-41.89
110.45,-41.79
110.5,-41.79
110.5,-41.53
110.55,-41.53
110.55,-41.51
110.6,-41.51
110.6,-41.51
110.65,-41.51
110.65,-41.18
110.7,-41.18
110.7,-41.19
110.75,-41.19
110.75,-41.24
110.8,-41.24
110.8,-40.76
110.85,-40.76
110.85,-40
110.9,-40
110.9,-39.02
110.95,-39.02
110.95,-38.2
111,-38.2
111,-38.31
111.05,-38.31
111.05,-38.24
111.1,-38.24
111.1,-38.38
111.15,-38.38
111.15,-39.61
111.2,-39.61
111.2,-39.59
111.25,-39.59
111.25,-39.79
111.3,-39.79
111.3,-39.79
111.35,-39.79
111.35,-39.47
111.4,-39.47
111.4,-39.9
111.45,-39.9
111.45,-39.91
111.5,-39.91
111.5,-39.49
111.55,-39.49
111.55,-39.12
111.6,-39.12
111.6,-38.98
111.65,-38.98
111.65,-38.69
111.7,-38.69
111.7,-38.27
111.75,-38.27
111.75,-38.8
111.8,-38.8
111.8,-39.02
111.85,-39.02
111.85,-38.83
111.9,-38.83
111.9,-38.98
111.95,-38.98
111.95,-39.01
112,-39.01
112,-38.85
112.05,-38.85
112.05,-38.41
112.1,-38.41
112.1,-37.73
112.15,-37.73
112.15,-37.9
112.2,-37.9
112.2,-38.27
112.25,-38.27
112.25,-37.91
112.3,-37.91
112.3,-37.8
112.35,-37.8
112.35,-37.91
112.4,-37.91
112.4,-37.86
112.45,-37.86
112.45,-38.13
112.5,-38.13
112.5,-37.74
112.55,-37.74
112.55,-37.62
112.6,-37.62
112.6,-37.32
112.65,-37.32
112.65,-37.41
112.7,-37.41
112.7,-37.29
112.75,-37.29
112.75,-37.4
112.8,-37.4
112.8,-37.26
112.85,-37.26
112.85,-37.28
112.9,-37.28
112.9,-37.35
112.95,-37.35
112.95,-37.37
113,-37.37
113,-37.5
113.05,-37.5
113.05,-37.73
113.1,-37.73
113.1,-37.14
113.15,-37.14
113.15,-36.98
113.2,-36.98
113.2,-37.07
113.25,-37.07
113.25,-37.2
113.3,-37.2
113.3,-37.33
113.35,-37.33
113.35,-37.2
113.4,-37.2
113.4,-37.05
113.45,-37.05
113.45,-37.75
113.5,-37.75
113.5,-37.92
113.55,-37.92
113.55,-37.52
113.6,-37.52
113.6,-37.62
113.65,-37.62
113.65,-37.22
113.7,-37.22
113.7,-37.27
113.75,-37.27
113.75,-37.07
113.8,-37.07
113.8,-37.36
113.85,-37.36
113.85,-37.02
113.9,-37.02
113.9,-37.29
113.95,-37.29
113.95,-37.31
114,-37.31
114,-36.81
114.05,-36.81
114.05,-37.46
114.1,-37.46
114.1,-37.53
114.15,-37.53
114.15,-37.18
114.2,-37.18
114.2,-37.07
114.25,-37.07
114.25,-37.28
114.3,-37.28
114.3,-37.33
114.35,-37.33
114.35,-37.25
114.4,-37.25
114.4,-37.03
114.45,-37.03
114.45,-37.29
114.5,-37.29
114.5,-37.13
114.55,-37.13
114.55,-37.2
114.6,-37.2
114.6,-37.25
114.65,-37.25
114.65,-37.24
114.7,-37.24
114.7,-37.02
114.75,-37.02
114.75,-37.07
114.8,-37.07
114.8,-37.24
114.85,-37.24
114.85,-36.95
114.9,-36.95
114.9,-37.01
114.95,-37.01
114.95,-37.34
115,-37.34
115,-37.39
115.05,-37.39
115.05,-37.18
115.1,-37.18
115.1,-37.05
115.15,-37.05
115.15,-37.17
115.2,-37.17
115.2,-37.12
115.25,-37.12
115.25,-36.99
115.3,-36.99
115.3,-36.73
115.35,-36.73
115.35,-36.97
115.4,-36.97
115.4,-37.54
115.45,-37.54
115.45,-37.99
115.5,-37.99
115.5,-38.46
115.55,-38.46
115.55,-38.8
115.6,-38.8
115.6,-38.49
115.65,-38.49
115.65,-38.01
115.7,-38.01
115.7,-38.62
115.75,-38.62
115.75,-38.51
115.8,-38.51
115.8,-38.56
115.85,-38.56
115.85,-38.61
115.9,-38.61
115.9,-38.3
115.95,-38.3
115.95,-38.41
116,-38.41
116,-38.74
116.05,-38.74
116.05,-38.58
116.1,-38.58
116.1,-38.56
116.15,-38.56
116.15,-38.63
116.2,-38.63
116.2,-38.52
116.25,-38.52
116.25,-38.13
116.3,-38.13
116.3,-38.09
116.35,-38.09
116.35,-38.45
116.4,-38.45
116.4,-38.37
116.45,-38.37
116.45,-38.33
116.5,-38.33
116.5,-38.42
116.55,-38.42
116.55,-37.86
116.6,-37.86
116.6,-38.03
116.65,-38.03
116.65,-38.48
116.7,-38.48
116.7,-38.14
116.75,-38.14
116.75,-37.97
116.8,-37.97
116.8,-38.11
116.85,-38.11
116.85,-38.4
116.9,-38.4
116.9,-38.39
116.95,-38.39
116.95,-38.26
117,-38.26
117,-38.11
117.05,-38.11
117.05,-38.05
117.1,-38.05
117.1,-38.07
117.15,-38.07
117.15,-38.03
117.2,-38.03
117.2,-37.9
117.25,-37.9
117.25,-38.01
117.3,-38.01
117.3,-38
117.35,-38
117.35,-38.16
117.4,-38.16
117.4,-38.21
117.45,-38.21
117.45,-38.15
117.5,-38.15
117.5,-38
117.55,-38
117.55,-37.74
117.6,-37.74
117.6,-37.35
117.65,-37.35
117.65,-37.72
117.7,-37.72
117.7,-37.81
117.75,-37.81
117.75,-37.69
117.8,-37.69
117.8,-37.67
117.85,-37.67
117.85,-37.39
117.9,-37.39
117.9,-37.27
117.95,-37.27
117.95,-37.42
118,-37.42
118,-37.52
118.05,-37.52
118.05,-37.7
118.1,-37.7
118.1,-37.63
118.15,-37.63
118.15,-37.75
118.2,-37.75
118.2,-37.88
118.25,-37.88
118.25,-37.88
118.3,-37.88
118.3,-37.78
118.35,-37.78
118.35,-37.68
118.4,-37.68
118.4,-37.59
118.45,-37.59
118.45,-37.32
118.5,-37.32
118.5,-36.92
118.55,-36.92
118.55,-37.26
118.6,-37.26
118.6,-37.17
118.65,-37.17
118.65,-37.48
118.7,-37.48
118.7,-37.31
118.75,-37.31
118.75,-37.12
118.8,-37.12
118.8,-37.3
118.85,-37.3
118.85,-37.51
118.9,-37.51
118.9,-37.2
118.95,-37.2
118.95,-36.7
119,-36.7
119,-36.82
119.05,-36.82
119.05,-36.99
119.1,-36.99
119.1,-36.98
119.15,-36.98
119.15,-36.95
119.2,-36.95
119.2,-36.35
119.25,-36.35
119.25,-36.68
119.3,-36.68
119.3,-36.69
119.35,-36.69
119.35,-35.85
119.4,-35.85
119.4,-35.8
119.45,-35.8
119.45,-35.7
119.5,-35.7
119.5,-35.6
119.55,-35.6
119.55,-35.65
119.6,-35.65
119.6,-35.45
119.65,-35.45
119.65,-35.49
119.7,-35.49
119.7,-35.35
119.75,-35.35
119.75,-34.88
119.8,-34.88
119.8,-34.68
119.85,-34.68
119.85,-34.93
119.9,-34.93
119.9,-35.01
119.95,-35.01
119.95,-34.74
120,-34.74
120,-34.81
120.05,-34.81
120.05,-34.72
120.1,-34.72
120.1,-34.52
120.15,-34.52
120.15,-34.41
120.2,-34.41
120.2,-34.32
120.25,-34.32
120.25,-34.61
120.3,-34.61
120.3,-34.48
120.35,-34.48
120.35,-34.29
120.4,-34.29
120.4,-34.35
120.45,-34.35
120.45,-34.32
120.5,-34.32
120.5,-34.2
120.55,-34.2
120.55,-34.18
120.6,-34.18
120.6,-34.03
120.65,-34.03
120.65,-33.95
120.7,-33.95
120.7,-33.81
120.75,-33.81
120.75,-33.54
120.8,-33.54
120.8,-33.66
120.85,-33.66
120.85,-33.67
120.9,-33.67
120.9,-33.39
120.95,-33.39
120.95,-33.35
121,-33.35
121,-33.34
121.05,-33.34
121.05,-33.32
121.1,-33.32
121.1,-33.14
121.15,-33.14
121.15,-32.79
121.2,-32.79
121.2,-32.85
121.25,-32.85
121.25,-32.67
121.3,-32.67
121.3,-32.7
121.35,-32.7
121.35,-32.6
121.4,-32.6
121.4,-32.69
121.45,-32.69
121.45,-32.89
121.5,-32.89
121.5,-32.64
121.55,-32.64
121.55,-32.39
121.6,-32.39
121.6,-32.43
121.65,-32.43
121.65,-32.33
121.7,-32.33
121.7,-32.46
121.75,-32.46
121.75,-32.45
121.8,-32.45
121.8,-32.35
121.85,-32.35
121.85,-32.39
121.9,-32.39
121.9,-32.37
121.95,-32.37
121.95,-32.34
122,-32.34
122,-32.26
122.05,-32.26
122.05,-32.27
122.1,-32.27
122.1,-32.15
122.15,-32.15
122.15,-32.32
122.2,-32.32
122.2,-32.34
122.25,-32.34
122.25,-32.33
122.3,-32.33
122.3,-32.3
122.35,-32.3
122.35,-32.33
122.4,-32.33
122.4,-32.36
122.45,-32.36
122.45,-32.49
122.5,-32.49
122.5,-32.59
122.55,-32.59
122.55,-32.58
122.6,-32.58
122.6,-32.64
122.65,-32.64
122.65,-32.64
122.7,-32.64
122.7,-32.49
122.75,-32.49
122.75,-32.47
122.8,-32.47
122.8,-32.68
122.85,-32.68
122.85,-32.62
122.9,-32.62